2026-03-08 12:38:22 | HTTP REQUEST -> GET https://harorepositoty2-590358146556.europe-west1.run.app/api/profesores
2026-03-08 12:38:22 | Headers: {'Accept': 'application/json', 'Content-Type': 'application/json', 'Authorization': '***REDACTED***'}
2026-03-08 12:38:22 | HTTP REQUEST -> GET https://harorepositoty2-590358146556.europe-west1.run.app/api/estudiantes
2026-03-08 12:38:22 | Headers: {'Accept': 'application/json', 'Content-Type': 'application/json', 'Authorization': '***REDACTED***'}
2026-03-08 12:38:23 | HTTP RESPONSE <- 200 GET https://harorepositoty2-590358146556.europe-west1.run.app/api/profesores
2026-03-08 12:38:23 | Content-Type: application/json
2026-03-08 12:38:23 | Body: [{"id":1,"cedula":"79845612","nombre":"Carlos","apellido":"Perez","correo":"carlos.perez@ceaharo.com","especialidad":"moto","categoria":"moto","telefono":"3119876543","email":"nicolasmachado19292@gmail.com","usuario":"carlos.perez","visible":true}]
2026-03-08 12:38:23 | HTTP REQUEST -> GET https://harorepositoty2-590358146556.europe-west1.run.app/api/vehiculos
2026-03-08 12:38:23 | Headers: {'Accept': 'application/json', 'Content-Type': 'application/json', 'Authorization': '***REDACTED***'}
2026-03-08 12:38:23 | HTTP RESPONSE <- 200 GET https://harorepositoty2-590358146556.europe-west1.run.app/api/estudiantes
2026-03-08 12:38:23 | Content-Type: application/json
2026-03-08 12:38:23 | Body: [{"id":1,"nombre":"Laura Angelica","apellido":"Gomez","tipoEstudiante":"prospecto","tipoDocumento":"CC","numeroDocumento":"1032456789","categoria":"A2","sede":"1 de mayo","horas":32,"tipoPase":"moto","aproboExamenTeorico":false,"telefono":"3001234567","email":"laura.gomez@email.com","direccion":"Calle 10 #20-30","fotoPerfil":null,"estado":"Pendiente","visible":true,"usuario":"1032456789"}]
2026-03-08 12:38:24 | HTTP RESPONSE <- 200 GET https://harorepositoty2-590358146556.europe-west1.run.app/api/vehiculos
2026-03-08 12:38:24 | Content-Type: application/json
2026-03-08 12:38:24 | Body: [{"placa":"ABC123","marca":"Chevrolet","modelo":"Onix","anio":2024,"sede":null,"estado":"Activo","visible":true}]
2026-03-08 12:38:24 | HTTP REQUEST -> GET https://harorepositoty2-590358146556.europe-west1.run.app/api/clases
2026-03-08 12:38:24 | Headers: {'Accept': 'application/json', 'Content-Type': 'application/json', 'Authorization': '***REDACTED***'}
2026-03-08 12:38:24 | HTTP RESPONSE <- 200 GET https://harorepositoty2-590358146556.europe-west1.run.app/api/clases
2026-03-08 12:38:24 | Content-Type: application/json
2026-03-08 12:38:24 | Body: []
2026-03-08 12:38:24 | HTTP REQUEST -> GET https://harorepositoty2-590358146556.europe-west1.run.app/api/estados-cuenta
2026-03-08 12:38:24 | Headers: {'Accept': 'application/json', 'Content-Type': 'application/json', 'Authorization': '***REDACTED***'}
2026-03-08 12:38:25 | HTTP RESPONSE <- 200 GET https://harorepositoty2-590358146556.europe-west1.run.app/api/estados-cuenta
2026-03-08 12:38:25 | Content-Type: application/json
2026-03-08 12:38:25 | Body: [{"id":1,"idEstudiante":1,"montoTotal":920.00,"montoPagado":920.00,"multas":0.00,"estado":"Pagado"}]
2026-03-08 12:38:26 | HTTP REQUEST -> GET https://harorepositoty2-590358146556.europe-west1.run.app/api/profesores
2026-03-08 12:38:26 | Headers: {'Accept': 'application/json', 'Content-Type': 'application/json', 'Authorization': '***REDACTED***'}
2026-03-08 12:38:27 | HTTP RESPONSE <- 200 GET https://harorepositoty2-590358146556.europe-west1.run.app/api/profesores
2026-03-08 12:38:27 | Content-Type: application/json
2026-03-08 12:38:27 | Body: [{"id":1,"cedula":"79845612","nombre":"Carlos","apellido":"Perez","correo":"carlos.perez@ceaharo.com","especialidad":"moto","categoria":"moto","telefono":"3119876543","email":"nicolasmachado19292@gmail.com","usuario":"carlos.perez","visible":true}]
2026-03-08 12:38:36 | HTTP REQUEST -> PUT https://harorepositoty2-590358146556.europe-west1.run.app/api/profesores/1
2026-03-08 12:38:36 | Headers: {'Accept': 'application/json', 'Content-Type': 'application/json', 'Authorization': '***REDACTED***'}
2026-03-08 12:38:36 | Payload: {"cedula": "79845612", "nombre": "Carlos", "apellido": "Perez", "correo": "nicolasmachado19292@gmail.com", "especialidad": "moto", "categoria": "moto", "telefono": "3119876543", "email": "nicolasmachado19292@gmail.com", "usuario": "carlos.perez", "visible": true, "contrasena": null}
2026-03-08 12:38:37 | HTTP RESPONSE <- 200 PUT https://harorepositoty2-590358146556.europe-west1.run.app/api/profesores/1
2026-03-08 12:38:37 | Content-Type: application/json
2026-03-08 12:38:37 | Body: {"id":1,"cedula":"79845612","nombre":"Carlos","apellido":"Perez","correo":"carlos.perez@ceaharo.com","especialidad":"moto","categoria":"moto","telefono":"3119876543","email":"nicolasmachado19292@gmail.com","usuario":"carlos.perez","visible":true}
2026-03-08 12:38:37 | HTTP REQUEST -> GET https://harorepositoty2-590358146556.europe-west1.run.app/api/profesores
2026-03-08 12:38:37 | Headers: {'Accept': 'application/json', 'Content-Type': 'application/json', 'Authorization': '***REDACTED***'}
2026-03-08 12:38:38 | HTTP RESPONSE <- 200 GET https://harorepositoty2-590358146556.europe-west1.run.app/api/profesores
2026-03-08 12:38:38 | Content-Type: application/json
2026-03-08 12:38:38 | Body: [{"id":1,"cedula":"79845612","nombre":"Carlos","apellido":"Perez","correo":"carlos.perez@ceaharo.com","especialidad":"moto","categoria":"moto","telefono":"3119876543","email":"nicolasmachado19292@gmail.com","usuario":"carlos.perez","visible":true}]
2026-03-08 12:39:01 | HTTP REQUEST -> GET https://harorepositoty2-590358146556.europe-west1.run.app/api/profesores
2026-03-08 12:39:01 | Headers: {'Accept': 'application/json', 'Content-Type': 'application/json', 'Authorization': '***REDACTED***'}
2026-03-08 12:39:02 | HTTP RESPONSE <- 200 GET https://harorepositoty2-590358146556.europe-west1.run.app/api/profesores
2026-03-08 12:39:02 | Content-Type: application/json
2026-03-08 12:39:02 | Body: [{"id":1,"cedula":"79845612","nombre":"Carlos","apellido":"Perez","correo":"carlos.perez@ceaharo.com","especialidad":"moto","categoria":"moto","telefono":"3119876543","email":"nicolasmachado19292@gmail.com","usuario":"carlos.perez","visible":true}]
2026-03-08 12:39:02 | HTTP REQUEST -> GET https://harorepositoty2-590358146556.europe-west1.run.app/api/estudiantes
2026-03-08 12:39:02 | Headers: {'Accept': 'application/json', 'Content-Type': 'application/json', 'Authorization': '***REDACTED***'}
2026-03-08 12:39:02 | HTTP REQUEST -> GET https://harorepositoty2-590358146556.europe-west1.run.app/api/estudiantes
2026-03-08 12:39:02 | Headers: {'Accept': 'application/json', 'Content-Type': 'application/json', 'Authorization': '***REDACTED***'}
2026-03-08 12:39:02 | HTTP REQUEST -> GET https://harorepositoty2-590358146556.europe-west1.run.app/api/estudiantes
2026-03-08 12:39:02 | Headers: {'Accept': 'application/json', 'Content-Type': 'application/json', 'Authorization': '***REDACTED***'}
2026-03-08 12:39:03 | HTTP RESPONSE <- 200 GET https://harorepositoty2-590358146556.europe-west1.run.app/api/estudiantes
2026-03-08 12:39:03 | Content-Type: application/json
2026-03-08 12:39:03 | Body: [{"id":1,"nombre":"Laura Angelica","apellido":"Gomez","tipoEstudiante":"prospecto","tipoDocumento":"CC","numeroDocumento":"1032456789","categoria":"A2","sede":"1 de mayo","horas":32,"tipoPase":"moto","aproboExamenTeorico":false,"telefono":"3001234567","email":"laura.gomez@email.com","direccion":"Calle 10 #20-30","fotoPerfil":null,"estado":"Pendiente","visible":true,"usuario":"1032456789"}]
2026-03-08 12:39:03 | HTTP REQUEST -> GET https://harorepositoty2-590358146556.europe-west1.run.app/api/profesores
2026-03-08 12:39:03 | Headers: {'Accept': 'application/json', 'Content-Type': 'application/json', 'Authorization': '***REDACTED***'}
2026-03-08 12:39:03 | HTTP RESPONSE <- 200 GET https://harorepositoty2-590358146556.europe-west1.run.app/api/estudiantes
2026-03-08 12:39:03 | Content-Type: application/json
2026-03-08 12:39:03 | Body: [{"id":1,"nombre":"Laura Angelica","apellido":"Gomez","tipoEstudiante":"prospecto","tipoDocumento":"CC","numeroDocumento":"1032456789","categoria":"A2","sede":"1 de mayo","horas":32,"tipoPase":"moto","aproboExamenTeorico":false,"telefono":"3001234567","email":"laura.gomez@email.com","direccion":"Calle 10 #20-30","fotoPerfil":null,"estado":"Pendiente","visible":true,"usuario":"1032456789"}]
2026-03-08 12:39:03 | HTTP REQUEST -> GET https://harorepositoty2-590358146556.europe-west1.run.app/api/profesores
2026-03-08 12:39:03 | Headers: {'Accept': 'application/json', 'Content-Type': 'application/json', 'Authorization': '***REDACTED***'}
2026-03-08 12:39:03 | HTTP RESPONSE <- 200 GET https://harorepositoty2-590358146556.europe-west1.run.app/api/estudiantes
2026-03-08 12:39:03 | Content-Type: application/json
2026-03-08 12:39:03 | Body: [{"id":1,"nombre":"Laura Angelica","apellido":"Gomez","tipoEstudiante":"prospecto","tipoDocumento":"CC","numeroDocumento":"1032456789","categoria":"A2","sede":"1 de mayo","horas":32,"tipoPase":"moto","aproboExamenTeorico":false,"telefono":"3001234567","email":"laura.gomez@email.com","direccion":"Calle 10 #20-30","fotoPerfil":null,"estado":"Pendiente","visible":true,"usuario":"1032456789"}]
2026-03-08 12:39:03 | HTTP REQUEST -> GET https://harorepositoty2-590358146556.europe-west1.run.app/api/profesores
2026-03-08 12:39:03 | Headers: {'Accept': 'application/json', 'Content-Type': 'application/json', 'Authorization': '***REDACTED***'}
2026-03-08 12:39:04 | HTTP RESPONSE <- 200 GET https://harorepositoty2-590358146556.europe-west1.run.app/api/profesores
2026-03-08 12:39:04 | Content-Type: application/json
2026-03-08 12:39:04 | Body: [{"id":1,"cedula":"79845612","nombre":"Carlos","apellido":"Perez","correo":"carlos.perez@ceaharo.com","especialidad":"moto","categoria":"moto","telefono":"3119876543","email":"nicolasmachado19292@gmail.com","usuario":"carlos.perez","visible":true}]
2026-03-08 12:39:04 | HTTP REQUEST -> GET https://harorepositoty2-590358146556.europe-west1.run.app/api/vehiculos
2026-03-08 12:39:04 | Headers: {'Accept': 'application/json', 'Content-Type': 'application/json', 'Authorization': '***REDACTED***'}
2026-03-08 12:39:04 | HTTP RESPONSE <- 200 GET https://harorepositoty2-590358146556.europe-west1.run.app/api/profesores
2026-03-08 12:39:04 | Content-Type: application/json
2026-03-08 12:39:04 | Body: [{"id":1,"cedula":"79845612","nombre":"Carlos","apellido":"Perez","correo":"carlos.perez@ceaharo.com","especialidad":"moto","categoria":"moto","telefono":"3119876543","email":"nicolasmachado19292@gmail.com","usuario":"carlos.perez","visible":true}]
2026-03-08 12:39:04 | HTTP REQUEST -> GET https://harorepositoty2-590358146556.europe-west1.run.app/api/vehiculos
2026-03-08 12:39:04 | Headers: {'Accept': 'application/json', 'Content-Type': 'application/json', 'Authorization': '***REDACTED***'}
2026-03-08 12:39:04 | HTTP RESPONSE <- 200 GET https://harorepositoty2-590358146556.europe-west1.run.app/api/profesores
2026-03-08 12:39:04 | Content-Type: application/json
2026-03-08 12:39:04 | Body: [{"id":1,"cedula":"79845612","nombre":"Carlos","apellido":"Perez","correo":"carlos.perez@ceaharo.com","especialidad":"moto","categoria":"moto","telefono":"3119876543","email":"nicolasmachado19292@gmail.com","usuario":"carlos.perez","visible":true}]
2026-03-08 12:39:04 | HTTP REQUEST -> GET https://harorepositoty2-590358146556.europe-west1.run.app/api/vehiculos
2026-03-08 12:39:04 | Headers: {'Accept': 'application/json', 'Content-Type': 'application/json', 'Authorization': '***REDACTED***'}
2026-03-08 12:39:05 | HTTP RESPONSE <- 200 GET https://harorepositoty2-590358146556.europe-west1.run.app/api/vehiculos
2026-03-08 12:39:05 | Content-Type: application/json
2026-03-08 12:39:05 | Body: [{"placa":"ABC123","marca":"Chevrolet","modelo":"Onix","anio":2024,"sede":null,"estado":"Activo","visible":true}]
2026-03-08 12:39:05 | HTTP REQUEST -> GET https://harorepositoty2-590358146556.europe-west1.run.app/api/clases
2026-03-08 12:39:05 | Headers: {'Accept': 'application/json', 'Content-Type': 'application/json', 'Authorization': '***REDACTED***'}
2026-03-08 12:39:05 | HTTP RESPONSE <- 200 GET https://harorepositoty2-590358146556.europe-west1.run.app/api/vehiculos
2026-03-08 12:39:05 | Content-Type: application/json
2026-03-08 12:39:05 | Body: [{"placa":"ABC123","marca":"Chevrolet","modelo":"Onix","anio":2024,"sede":null,"estado":"Activo","visible":true}]
2026-03-08 12:39:05 | HTTP REQUEST -> GET https://harorepositoty2-590358146556.europe-west1.run.app/api/clases
2026-03-08 12:39:05 | Headers: {'Accept': 'application/json', 'Content-Type': 'application/json', 'Authorization': '***REDACTED***'}
2026-03-08 12:39:05 | HTTP RESPONSE <- 200 GET https://harorepositoty2-590358146556.europe-west1.run.app/api/vehiculos
2026-03-08 12:39:05 | Content-Type: application/json
2026-03-08 12:39:05 | Body: [{"placa":"ABC123","marca":"Chevrolet","modelo":"Onix","anio":2024,"sede":null,"estado":"Activo","visible":true}]
2026-03-08 12:39:05 | HTTP REQUEST -> GET https://harorepositoty2-590358146556.europe-west1.run.app/api/clases
2026-03-08 12:39:05 | Headers: {'Accept': 'application/json', 'Content-Type': 'application/json', 'Authorization': '***REDACTED***'}
2026-03-08 12:39:05 | HTTP RESPONSE <- 200 GET https://harorepositoty2-590358146556.europe-west1.run.app/api/clases
2026-03-08 12:39:05 | Content-Type: application/json
2026-03-08 12:39:05 | Body: []
2026-03-08 12:39:05 | HTTP REQUEST -> GET https://harorepositoty2-590358146556.europe-west1.run.app/api/estados-cuenta
2026-03-08 12:39:05 | Headers: {'Accept': 'application/json', 'Content-Type': 'application/json', 'Authorization': '***REDACTED***'}
2026-03-08 12:39:06 | HTTP RESPONSE <- 200 GET https://harorepositoty2-590358146556.europe-west1.run.app/api/clases
2026-03-08 12:39:06 | Content-Type: application/json
2026-03-08 12:39:06 | Body: []
2026-03-08 12:39:06 | HTTP REQUEST -> GET https://harorepositoty2-590358146556.europe-west1.run.app/api/estados-cuenta
2026-03-08 12:39:06 | Headers: {'Accept': 'application/json', 'Content-Type': 'application/json', 'Authorization': '***REDACTED***'}
2026-03-08 12:39:06 | HTTP RESPONSE <- 200 GET https://harorepositoty2-590358146556.europe-west1.run.app/api/estados-cuenta
2026-03-08 12:39:06 | Content-Type: application/json
2026-03-08 12:39:06 | Body: [{"id":1,"idEstudiante":1,"montoTotal":920.00,"montoPagado":920.00,"multas":0.00,"estado":"Pagado"}]
2026-03-08 12:39:06 | HTTP REQUEST -> GET https://harorepositoty2-590358146556.europe-west1.run.app/api/profesores
2026-03-08 12:39:06 | Headers: {'Accept': 'application/json', 'Content-Type': 'application/json', 'Authorization': '***REDACTED***'}
2026-03-08 12:39:06 | HTTP REQUEST -> GET https://harorepositoty2-590358146556.europe-west1.run.app/api/estudiantes
2026-03-08 12:39:06 | Headers: {'Accept': 'application/json', 'Content-Type': 'application/json', 'Authorization': '***REDACTED***'}
2026-03-08 12:39:06 | HTTP RESPONSE <- 200 GET https://harorepositoty2-590358146556.europe-west1.run.app/api/clases
2026-03-08 12:39:06 | Content-Type: application/json
2026-03-08 12:39:06 | Body: []
2026-03-08 12:39:06 | HTTP REQUEST -> GET https://harorepositoty2-590358146556.europe-west1.run.app/api/estados-cuenta
2026-03-08 12:39:06 | Headers: {'Accept': 'application/json', 'Content-Type': 'application/json', 'Authorization': '***REDACTED***'}
2026-03-08 12:39:07 | HTTP RESPONSE <- 200 GET https://harorepositoty2-590358146556.europe-west1.run.app/api/estados-cuenta
2026-03-08 12:39:07 | Content-Type: application/json
2026-03-08 12:39:07 | Body: [{"id":1,"idEstudiante":1,"montoTotal":920.00,"montoPagado":920.00,"multas":0.00,"estado":"Pagado"}]
2026-03-08 12:39:07 | HTTP REQUEST -> GET https://harorepositoty2-590358146556.europe-west1.run.app/api/profesores
2026-03-08 12:39:07 | HTTP REQUEST -> GET https://harorepositoty2-590358146556.europe-west1.run.app/api/estudiantes
2026-03-08 12:39:07 | Headers: {'Accept': 'application/json', 'Content-Type': 'application/json', 'Authorization': '***REDACTED***'}
2026-03-08 12:39:07 | Headers: {'Accept': 'application/json', 'Content-Type': 'application/json', 'Authorization': '***REDACTED***'}
2026-03-08 12:39:07 | HTTP RESPONSE <- 200 GET https://harorepositoty2-590358146556.europe-west1.run.app/api/profesores
2026-03-08 12:39:07 | Content-Type: application/json
2026-03-08 12:39:07 | Body: [{"id":1,"cedula":"79845612","nombre":"Carlos","apellido":"Perez","correo":"carlos.perez@ceaharo.com","especialidad":"moto","categoria":"moto","telefono":"3119876543","email":"nicolasmachado19292@gmail.com","usuario":"carlos.perez","visible":true}]
2026-03-08 12:39:07 | HTTP RESPONSE <- 200 GET https://harorepositoty2-590358146556.europe-west1.run.app/api/estudiantes
2026-03-08 12:39:07 | Content-Type: application/json
2026-03-08 12:39:07 | Body: [{"id":1,"nombre":"Laura Angelica","apellido":"Gomez","tipoEstudiante":"prospecto","tipoDocumento":"CC","numeroDocumento":"1032456789","categoria":"A2","sede":"1 de mayo","horas":32,"tipoPase":"moto","aproboExamenTeorico":false,"telefono":"3001234567","email":"laura.gomez@email.com","direccion":"Calle 10 #20-30","fotoPerfil":null,"estado":"Pendiente","visible":true,"usuario":"1032456789"}]
2026-03-08 12:39:07 | HTTP RESPONSE <- 200 GET https://harorepositoty2-590358146556.europe-west1.run.app/api/estados-cuenta
2026-03-08 12:39:07 | Content-Type: application/json
2026-03-08 12:39:07 | Body: [{"id":1,"idEstudiante":1,"montoTotal":920.00,"montoPagado":920.00,"multas":0.00,"estado":"Pagado"}]
2026-03-08 12:39:07 | HTTP REQUEST -> GET https://harorepositoty2-590358146556.europe-west1.run.app/api/profesores
2026-03-08 12:39:07 | Headers: {'Accept': 'application/json', 'Content-Type': 'application/json', 'Authorization': '***REDACTED***'}
2026-03-08 12:39:07 | HTTP REQUEST -> GET https://harorepositoty2-590358146556.europe-west1.run.app/api/estudiantes
2026-03-08 12:39:07 | Headers: {'Accept': 'application/json', 'Content-Type': 'application/json', 'Authorization': '***REDACTED***'}
2026-03-08 12:39:08 | HTTP RESPONSE <- 200 GET https://harorepositoty2-590358146556.europe-west1.run.app/api/profesores
2026-03-08 12:39:08 | Content-Type: application/json
2026-03-08 12:39:08 | Body: [{"id":1,"cedula":"79845612","nombre":"Carlos","apellido":"Perez","correo":"carlos.perez@ceaharo.com","especialidad":"moto","categoria":"moto","telefono":"3119876543","email":"nicolasmachado19292@gmail.com","usuario":"carlos.perez","visible":true}]
2026-03-08 12:39:08 | HTTP RESPONSE <- 200 GET https://harorepositoty2-590358146556.europe-west1.run.app/api/estudiantes
2026-03-08 12:39:08 | Content-Type: application/json
2026-03-08 12:39:08 | Body: [{"id":1,"nombre":"Laura Angelica","apellido":"Gomez","tipoEstudiante":"prospecto","tipoDocumento":"CC","numeroDocumento":"1032456789","categoria":"A2","sede":"1 de mayo","horas":32,"tipoPase":"moto","aproboExamenTeorico":false,"telefono":"3001234567","email":"laura.gomez@email.com","direccion":"Calle 10 #20-30","fotoPerfil":null,"estado":"Pendiente","visible":true,"usuario":"1032456789"}]
2026-03-08 12:39:08 | HTTP RESPONSE <- 200 GET https://harorepositoty2-590358146556.europe-west1.run.app/api/estudiantes
2026-03-08 12:39:08 | Content-Type: application/json
2026-03-08 12:39:08 | Body: [{"id":1,"nombre":"Laura Angelica","apellido":"Gomez","tipoEstudiante":"prospecto","tipoDocumento":"CC","numeroDocumento":"1032456789","categoria":"A2","sede":"1 de mayo","horas":32,"tipoPase":"moto","aproboExamenTeorico":false,"telefono":"3001234567","email":"laura.gomez@email.com","direccion":"Calle 10 #20-30","fotoPerfil":null,"estado":"Pendiente","visible":true,"usuario":"1032456789"}]
2026-03-08 12:39:09 | HTTP RESPONSE <- 200 GET https://harorepositoty2-590358146556.europe-west1.run.app/api/profesores
2026-03-08 12:39:09 | Content-Type: application/json
2026-03-08 12:39:09 | Body: [{"id":1,"cedula":"79845612","nombre":"Carlos","apellido":"Perez","correo":"carlos.perez@ceaharo.com","especialidad":"moto","categoria":"moto","telefono":"3119876543","email":"nicolasmachado19292@gmail.com","usuario":"carlos.perez","visible":true}]
2026-03-08 12:39:39 | HTTP REQUEST -> GET https://harorepositoty2-590358146556.europe-west1.run.app/api/profesores
2026-03-08 12:39:39 | Headers: {'Accept': 'application/json', 'Content-Type': 'application/json', 'Authorization': '***REDACTED***'}
2026-03-08 12:39:39 | HTTP REQUEST -> GET https://harorepositoty2-590358146556.europe-west1.run.app/api/estudiantes
2026-03-08 12:39:39 | Headers: {'Accept': 'application/json', 'Content-Type': 'application/json', 'Authorization': '***REDACTED***'}
2026-03-08 12:39:40 | HTTP RESPONSE <- 200 GET https://harorepositoty2-590358146556.europe-west1.run.app/api/estudiantes
2026-03-08 12:39:40 | Content-Type: application/json
2026-03-08 12:39:40 | Body: [{"id":1,"nombre":"Laura Angelica","apellido":"Gomez","tipoEstudiante":"prospecto","tipoDocumento":"CC","numeroDocumento":"1032456789","categoria":"A2","sede":"1 de mayo","horas":32,"tipoPase":"moto","aproboExamenTeorico":false,"telefono":"3001234567","email":"laura.gomez@email.com","direccion":"Calle 10 #20-30","fotoPerfil":null,"estado":"Pendiente","visible":true,"usuario":"1032456789"}]
2026-03-08 12:39:40 | HTTP RESPONSE <- 200 GET https://harorepositoty2-590358146556.europe-west1.run.app/api/profesores
2026-03-08 12:39:40 | Content-Type: application/json
2026-03-08 12:39:40 | Body: [{"id":1,"cedula":"79845612","nombre":"Carlos","apellido":"Perez","correo":"carlos.perez@ceaharo.com","especialidad":"moto","categoria":"moto","telefono":"3119876543","email":"nicolasmachado19292@gmail.com","usuario":"carlos.perez","visible":true}]
2026-03-08 12:39:40 | HTTP REQUEST -> GET https://harorepositoty2-590358146556.europe-west1.run.app/api/vehiculos
2026-03-08 12:39:40 | Headers: {'Accept': 'application/json', 'Content-Type': 'application/json', 'Authorization': '***REDACTED***'}
2026-03-08 12:39:41 | HTTP RESPONSE <- 200 GET https://harorepositoty2-590358146556.europe-west1.run.app/api/vehiculos
2026-03-08 12:39:41 | Content-Type: application/json
2026-03-08 12:39:41 | Body: [{"placa":"ABC123","marca":"Chevrolet","modelo":"Onix","anio":2024,"sede":null,"estado":"Activo","visible":true}]
2026-03-08 12:39:41 | HTTP REQUEST -> GET https://harorepositoty2-590358146556.europe-west1.run.app/api/clases
2026-03-08 12:39:41 | Headers: {'Accept': 'application/json', 'Content-Type': 'application/json', 'Authorization': '***REDACTED***'}
2026-03-08 12:39:42 | HTTP RESPONSE <- 200 GET https://harorepositoty2-590358146556.europe-west1.run.app/api/clases
2026-03-08 12:39:42 | Content-Type: application/json
2026-03-08 12:39:42 | Body: []
2026-03-08 12:39:42 | HTTP REQUEST -> GET https://harorepositoty2-590358146556.europe-west1.run.app/api/estados-cuenta
2026-03-08 12:39:42 | Headers: {'Accept': 'application/json', 'Content-Type': 'application/json', 'Authorization': '***REDACTED***'}
2026-03-08 12:39:43 | HTTP RESPONSE <- 200 GET https://harorepositoty2-590358146556.europe-west1.run.app/api/estados-cuenta
2026-03-08 12:39:43 | Content-Type: application/json
2026-03-08 12:39:43 | Body: [{"id":1,"idEstudiante":1,"montoTotal":920.00,"montoPagado":920.00,"multas":0.00,"estado":"Pagado"}]
2026-03-08 12:39:46 | HTTP REQUEST -> GET https://harorepositoty2-590358146556.europe-west1.run.app/api/profesores
2026-03-08 12:39:46 | Headers: {'Accept': 'application/json', 'Content-Type': 'application/json', 'Authorization': '***REDACTED***'}
2026-03-08 12:39:47 | HTTP RESPONSE <- 200 GET https://harorepositoty2-590358146556.europe-west1.run.app/api/profesores
2026-03-08 12:39:47 | Content-Type: application/json
2026-03-08 12:39:47 | Body: [{"id":1,"cedula":"79845612","nombre":"Carlos","apellido":"Perez","correo":"carlos.perez@ceaharo.com","especialidad":"moto","categoria":"moto","telefono":"3119876543","email":"nicolasmachado19292@gmail.com","usuario":"carlos.perez","visible":true}]
2026-03-08 12:43:31 | HTTP REQUEST -> GET https://harorepositoty2-590358146556.europe-west1.run.app/api/profesores
2026-03-08 12:43:31 | Headers: {'Accept': 'application/json', 'Content-Type': 'application/json', 'Authorization': '***REDACTED***'}
2026-03-08 12:43:32 | HTTP REQUEST -> GET https://harorepositoty2-590358146556.europe-west1.run.app/api/estudiantes
2026-03-08 12:43:32 | Headers: {'Accept': 'application/json', 'Content-Type': 'application/json', 'Authorization': '***REDACTED***'}
2026-03-08 12:43:32 | HTTP RESPONSE <- 200 GET https://harorepositoty2-590358146556.europe-west1.run.app/api/profesores
2026-03-08 12:43:32 | Content-Type: application/json
2026-03-08 12:43:32 | Body: [{"id":1,"cedula":"79845612","nombre":"Carlos","apellido":"Perez","correo":"carlos.perez@ceaharo.com","especialidad":"moto","categoria":"moto","telefono":"3119876543","email":"nicolasmachado19292@gmail.com","usuario":"carlos.perez","visible":true}]
2026-03-08 12:43:32 | HTTP REQUEST -> GET https://harorepositoty2-590358146556.europe-west1.run.app/api/vehiculos
2026-03-08 12:43:32 | Headers: {'Accept': 'application/json', 'Content-Type': 'application/json', 'Authorization': '***REDACTED***'}
2026-03-08 12:43:33 | HTTP RESPONSE <- 200 GET https://harorepositoty2-590358146556.europe-west1.run.app/api/estudiantes
2026-03-08 12:43:33 | Content-Type: application/json
2026-03-08 12:43:33 | Body: [{"id":1,"nombre":"Laura Angelica","apellido":"Gomez","tipoEstudiante":"prospecto","tipoDocumento":"CC","numeroDocumento":"1032456789","categoria":"A2","sede":"1 de mayo","horas":32,"tipoPase":"moto","aproboExamenTeorico":false,"telefono":"3001234567","email":"laura.gomez@email.com","direccion":"Calle 10 #20-30","fotoPerfil":null,"estado":"Pendiente","visible":true,"usuario":"1032456789"}]
2026-03-08 12:43:33 | HTTP RESPONSE <- 200 GET https://harorepositoty2-590358146556.europe-west1.run.app/api/vehiculos
2026-03-08 12:43:33 | Content-Type: application/json
2026-03-08 12:43:33 | Body: [{"placa":"ABC123","marca":"Chevrolet","modelo":"Onix","anio":2024,"sede":null,"estado":"Activo","visible":true}]
2026-03-08 12:43:33 | HTTP REQUEST -> GET https://harorepositoty2-590358146556.europe-west1.run.app/api/clases
2026-03-08 12:43:33 | Headers: {'Accept': 'application/json', 'Content-Type': 'application/json', 'Authorization': '***REDACTED***'}
2026-03-08 12:43:34 | HTTP RESPONSE <- 200 GET https://harorepositoty2-590358146556.europe-west1.run.app/api/clases
2026-03-08 12:43:34 | Content-Type: application/json
2026-03-08 12:43:34 | Body: []
2026-03-08 12:43:34 | HTTP REQUEST -> GET https://harorepositoty2-590358146556.europe-west1.run.app/api/estados-cuenta
2026-03-08 12:43:34 | Headers: {'Accept': 'application/json', 'Content-Type': 'application/json', 'Authorization': '***REDACTED***'}
2026-03-08 12:43:35 | HTTP RESPONSE <- 200 GET https://harorepositoty2-590358146556.europe-west1.run.app/api/estados-cuenta
2026-03-08 12:43:35 | Content-Type: application/json
2026-03-08 12:43:35 | Body: [{"id":1,"idEstudiante":1,"montoTotal":920.00,"montoPagado":920.00,"multas":0.00,"estado":"Pagado"}]
2026-03-08 12:43:48 | HTTP REQUEST -> PUT https://harorepositoty2-590358146556.europe-west1.run.app/api/estudiantes/1
2026-03-08 12:43:48 | Headers: {'Accept': 'application/json', 'Content-Type': 'application/json', 'Authorization': '***REDACTED***'}
2026-03-08 12:43:48 | Payload: {"nombre": "Laura Angelica", "apellido": "Gomez", "tipoEstudiante": "prospecto", "tipoDocumento": "CC", "numeroDocumento": "1032456789", "categoria": "A2", "sede": "1 de mayo", "horas": 32, "tipoPase": "moto", "aproboExamenTeorico": false, "telefono": "3001234567", "email": "danielapinher@gmail.com", "direccion": "Calle 10 #20-30", "fotoPerfil": null, "estado": "Pendiente", "visible": true, "usuario": "1032456789", "contrasena": "1032456789", "categoriaLicencia": "A2", "licenciaCategoria": "A2", "tipoLicencia": "A2"}
2026-03-08 12:43:49 | HTTP RESPONSE <- 200 PUT https://harorepositoty2-590358146556.europe-west1.run.app/api/estudiantes/1
2026-03-08 12:43:49 | Content-Type: application/json
2026-03-08 12:43:49 | Body: {"id":1,"nombre":"Laura Angelica","apellido":"Gomez","tipoEstudiante":"prospecto","tipoDocumento":"CC","numeroDocumento":"1032456789","categoria":"A2","sede":"1 de mayo","horas":32,"tipoPase":"moto","aproboExamenTeorico":false,"telefono":"3001234567","email":"danielapinher@gmail.com","direccion":"Calle 10 #20-30","fotoPerfil":null,"estado":"Pendiente","visible":true,"usuario":"1032456789"}
2026-03-08 12:43:49 | HTTP REQUEST -> GET https://harorepositoty2-590358146556.europe-west1.run.app/api/estudiantes
2026-03-08 12:43:49 | Headers: {'Accept': 'application/json', 'Content-Type': 'application/json', 'Authorization': '***REDACTED***'}
2026-03-08 12:43:50 | HTTP RESPONSE <- 200 GET https://harorepositoty2-590358146556.europe-west1.run.app/api/estudiantes
2026-03-08 12:43:50 | Content-Type: application/json
2026-03-08 12:43:50 | Body: [{"id":1,"nombre":"Laura Angelica","apellido":"Gomez","tipoEstudiante":"prospecto","tipoDocumento":"CC","numeroDocumento":"1032456789","categoria":"A2","sede":"1 de mayo","horas":32,"tipoPase":"moto","aproboExamenTeorico":false,"telefono":"3001234567","email":"danielapinher@gmail.com","direccion":"Calle 10 #20-30","fotoPerfil":null,"estado":"Pendiente","visible":true,"usuario":"1032456789"}]
2026-03-08 12:43:53 | HTTP REQUEST -> GET https://harorepositoty2-590358146556.europe-west1.run.app/api/profesores
2026-03-08 12:43:53 | Headers: {'Accept': 'application/json', 'Content-Type': 'application/json', 'Authorization': '***REDACTED***'}
2026-03-08 12:43:54 | HTTP RESPONSE <- 200 GET https://harorepositoty2-590358146556.europe-west1.run.app/api/profesores
2026-03-08 12:43:54 | Content-Type: application/json
2026-03-08 12:43:54 | Body: [{"id":1,"cedula":"79845612","nombre":"Carlos","apellido":"Perez","correo":"carlos.perez@ceaharo.com","especialidad":"moto","categoria":"moto","telefono":"3119876543","email":"nicolasmachado19292@gmail.com","usuario":"carlos.perez","visible":true}]
2026-03-08 12:44:02 | HTTP REQUEST -> PUT https://harorepositoty2-590358146556.europe-west1.run.app/api/profesores/1
2026-03-08 12:44:02 | Headers: {'Accept': 'application/json', 'Content-Type': 'application/json', 'Authorization': '***REDACTED***'}
2026-03-08 12:44:02 | Payload: {"cedula": "79845612", "nombre": "Carlos", "apellido": "Perez", "correo": "nicolasmachado19292@gmail.com", "especialidad": "moto", "categoria": "moto", "telefono": "3119876543", "usuario": "carlos.perez", "visible": true, "contrasena": null}
2026-03-08 12:44:03 | HTTP RESPONSE <- 200 PUT https://harorepositoty2-590358146556.europe-west1.run.app/api/profesores/1
2026-03-08 12:44:03 | Content-Type: application/json
2026-03-08 12:44:03 | Body: {"id":1,"cedula":"79845612","nombre":"Carlos","apellido":"Perez","correo":"carlos.perez@ceaharo.com","especialidad":"moto","categoria":"moto","telefono":"3119876543","email":"nicolasmachado19292@gmail.com","usuario":"carlos.perez","visible":true}
2026-03-08 12:44:03 | HTTP REQUEST -> GET https://harorepositoty2-590358146556.europe-west1.run.app/api/profesores
2026-03-08 12:44:03 | Headers: {'Accept': 'application/json', 'Content-Type': 'application/json', 'Authorization': '***REDACTED***'}
2026-03-08 12:44:04 | HTTP RESPONSE <- 200 GET https://harorepositoty2-590358146556.europe-west1.run.app/api/profesores
2026-03-08 12:44:04 | Content-Type: application/json
2026-03-08 12:44:04 | Body: [{"id":1,"cedula":"79845612","nombre":"Carlos","apellido":"Perez","correo":"carlos.perez@ceaharo.com","especialidad":"moto","categoria":"moto","telefono":"3119876543","email":"nicolasmachado19292@gmail.com","usuario":"carlos.perez","visible":true}]
2026-03-08 12:44:07 | HTTP REQUEST -> GET https://harorepositoty2-590358146556.europe-west1.run.app/api/profesores
2026-03-08 12:44:07 | Headers: {'Accept': 'application/json', 'Content-Type': 'application/json', 'Authorization': '***REDACTED***'}
2026-03-08 12:44:08 | HTTP RESPONSE <- 200 GET https://harorepositoty2-590358146556.europe-west1.run.app/api/profesores
2026-03-08 12:44:08 | Content-Type: application/json
2026-03-08 12:44:08 | Body: [{"id":1,"cedula":"79845612","nombre":"Carlos","apellido":"Perez","correo":"carlos.perez@ceaharo.com","especialidad":"moto","categoria":"moto","telefono":"3119876543","email":"nicolasmachado19292@gmail.com","usuario":"carlos.perez","visible":true}]
2026-03-08 12:48:42 | HTTP REQUEST -> GET https://harorepositoty2-590358146556.europe-west1.run.app/api/profesores
2026-03-08 12:48:42 | Headers: {'Accept': 'application/json', 'Content-Type': 'application/json', 'Authorization': '***REDACTED***'}
2026-03-08 12:48:42 | HTTP REQUEST -> GET https://harorepositoty2-590358146556.europe-west1.run.app/api/estudiantes
2026-03-08 12:48:42 | Headers: {'Accept': 'application/json', 'Content-Type': 'application/json', 'Authorization': '***REDACTED***'}
2026-03-08 12:48:43 | HTTP RESPONSE <- 200 GET https://harorepositoty2-590358146556.europe-west1.run.app/api/profesores
2026-03-08 12:48:43 | Content-Type: application/json
2026-03-08 12:48:43 | Body: [{"id":1,"cedula":"79845612","nombre":"Carlos","apellido":"Perez","correo":"carlos.perez@ceaharo.com","especialidad":"moto","categoria":"moto","telefono":"3119876543","email":"nicolasmachado19292@gmail.com","usuario":"carlos.perez","visible":true}]
2026-03-08 12:48:43 | HTTP REQUEST -> GET https://harorepositoty2-590358146556.europe-west1.run.app/api/vehiculos
2026-03-08 12:48:43 | Headers: {'Accept': 'application/json', 'Content-Type': 'application/json', 'Authorization': '***REDACTED***'}
2026-03-08 12:48:43 | HTTP RESPONSE <- 200 GET https://harorepositoty2-590358146556.europe-west1.run.app/api/estudiantes
2026-03-08 12:48:43 | Content-Type: application/json
2026-03-08 12:48:43 | Body: [{"id":1,"nombre":"Laura Angelica","apellido":"Gomez","tipoEstudiante":"prospecto","tipoDocumento":"CC","numeroDocumento":"1032456789","categoria":"A2","sede":"1 de mayo","horas":32,"tipoPase":"moto","aproboExamenTeorico":false,"telefono":"3001234567","email":"danielapinher@gmail.com","direccion":"Calle 10 #20-30","fotoPerfil":null,"estado":"Pendiente","visible":true,"usuario":"1032456789"}]
2026-03-08 12:48:44 | HTTP RESPONSE <- 200 GET https://harorepositoty2-590358146556.europe-west1.run.app/api/vehiculos
2026-03-08 12:48:44 | Content-Type: application/json
2026-03-08 12:48:44 | Body: [{"placa":"ABC123","marca":"Chevrolet","modelo":"Onix","anio":2024,"sede":null,"estado":"Activo","visible":true}]
2026-03-08 12:48:44 | HTTP REQUEST -> GET https://harorepositoty2-590358146556.europe-west1.run.app/api/clases
2026-03-08 12:48:44 | Headers: {'Accept': 'application/json', 'Content-Type': 'application/json', 'Authorization': '***REDACTED***'}
2026-03-08 12:48:45 | HTTP RESPONSE <- 200 GET https://harorepositoty2-590358146556.europe-west1.run.app/api/clases
2026-03-08 12:48:45 | Content-Type: application/json
2026-03-08 12:48:45 | Body: []
2026-03-08 12:48:45 | HTTP REQUEST -> GET https://harorepositoty2-590358146556.europe-west1.run.app/api/estados-cuenta
2026-03-08 12:48:45 | Headers: {'Accept': 'application/json', 'Content-Type': 'application/json', 'Authorization': '***REDACTED***'}
2026-03-08 12:48:46 | HTTP RESPONSE <- 200 GET https://harorepositoty2-590358146556.europe-west1.run.app/api/estados-cuenta
2026-03-08 12:48:46 | Content-Type: application/json
2026-03-08 12:48:46 | Body: [{"id":1,"idEstudiante":1,"montoTotal":920.00,"montoPagado":920.00,"multas":0.00,"estado":"Pagado"}]
2026-03-08 12:48:47 | HTTP REQUEST -> GET https://harorepositoty2-590358146556.europe-west1.run.app/api/profesores
2026-03-08 12:48:47 | Headers: {'Accept': 'application/json', 'Content-Type': 'application/json', 'Authorization': '***REDACTED***'}
2026-03-08 12:48:47 | HTTP RESPONSE <- 200 GET https://harorepositoty2-590358146556.europe-west1.run.app/api/profesores
2026-03-08 12:48:47 | Content-Type: application/json
2026-03-08 12:48:47 | Body: [{"id":1,"cedula":"79845612","nombre":"Carlos","apellido":"Perez","correo":"carlos.perez@ceaharo.com","especialidad":"moto","categoria":"moto","telefono":"3119876543","email":"nicolasmachado19292@gmail.com","usuario":"carlos.perez","visible":true}]
2026-03-08 12:48:54 | HTTP REQUEST -> PUT https://harorepositoty2-590358146556.europe-west1.run.app/api/profesores/1
2026-03-08 12:48:54 | Headers: {'Accept': 'application/json', 'Content-Type': 'application/json', 'Authorization': '***REDACTED***'}
2026-03-08 12:48:54 | Payload: {"cedula": "79845612", "nombre": "Carlos", "apellido": "Perez", "correo": "nicolasmachado19292@gmail.com", "especialidad": "moto", "categoria": "moto", "telefono": "3119876543", "usuario": "carlos.perez", "visible": true, "contrasena": null}
2026-03-08 12:48:55 | HTTP RESPONSE <- 200 PUT https://harorepositoty2-590358146556.europe-west1.run.app/api/profesores/1
2026-03-08 12:48:55 | Content-Type: application/json
2026-03-08 12:48:55 | Body: {"id":1,"cedula":"79845612","nombre":"Carlos","apellido":"Perez","correo":"carlos.perez@ceaharo.com","especialidad":"moto","categoria":"moto","telefono":"3119876543","email":"nicolasmachado19292@gmail.com","usuario":"carlos.perez","visible":true}
2026-03-08 12:56:24 | HTTP REQUEST -> GET https://harorepositoty2-590358146556.europe-west1.run.app/api/profesores
2026-03-08 12:56:24 | Headers: {'Accept': 'application/json', 'Content-Type': 'application/json', 'Authorization': '***REDACTED***'}
2026-03-08 12:56:24 | HTTP REQUEST -> GET https://harorepositoty2-590358146556.europe-west1.run.app/api/estudiantes
2026-03-08 12:56:24 | Headers: {'Accept': 'application/json', 'Content-Type': 'application/json', 'Authorization': '***REDACTED***'}
2026-03-08 12:56:25 | HTTP RESPONSE <- 200 GET https://harorepositoty2-590358146556.europe-west1.run.app/api/profesores
2026-03-08 12:56:25 | Content-Type: application/json
2026-03-08 12:56:25 | Body: [{"id":1,"cedula":"79845612","nombre":"Carlos","apellido":"Perez","correo":"carlos.perez@ceaharo.com","especialidad":"moto","categoria":"moto","telefono":"3119876543","email":"nicolasmachado19292@gmail.com","usuario":"carlos.perez","visible":true}]
2026-03-08 12:56:25 | HTTP REQUEST -> GET https://harorepositoty2-590358146556.europe-west1.run.app/api/vehiculos
2026-03-08 12:56:25 | Headers: {'Accept': 'application/json', 'Content-Type': 'application/json', 'Authorization': '***REDACTED***'}
2026-03-08 12:56:25 | HTTP RESPONSE <- 200 GET https://harorepositoty2-590358146556.europe-west1.run.app/api/estudiantes
2026-03-08 12:56:25 | Content-Type: application/json
2026-03-08 12:56:25 | Body: [{"id":1,"nombre":"Laura Angelica","apellido":"Gomez","tipoEstudiante":"prospecto","tipoDocumento":"CC","numeroDocumento":"1032456789","categoria":"A2","sede":"1 de mayo","horas":32,"tipoPase":"moto","aproboExamenTeorico":false,"telefono":"3001234567","email":"danielapinher@gmail.com","direccion":"Calle 10 #20-30","fotoPerfil":null,"estado":"Pendiente","visible":true,"usuario":"1032456789"}]
2026-03-08 12:56:26 | HTTP RESPONSE <- 200 GET https://harorepositoty2-590358146556.europe-west1.run.app/api/vehiculos
2026-03-08 12:56:26 | Content-Type: application/json
2026-03-08 12:56:26 | Body: [{"placa":"ABC123","marca":"Chevrolet","modelo":"Onix","anio":2024,"sede":null,"estado":"Activo","visible":true}]
2026-03-08 12:56:26 | HTTP REQUEST -> GET https://harorepositoty2-590358146556.europe-west1.run.app/api/clases
2026-03-08 12:56:26 | Headers: {'Accept': 'application/json', 'Content-Type': 'application/json', 'Authorization': '***REDACTED***'}
2026-03-08 12:56:27 | HTTP RESPONSE <- 200 GET https://harorepositoty2-590358146556.europe-west1.run.app/api/clases
2026-03-08 12:56:27 | Content-Type: application/json
2026-03-08 12:56:27 | Body: []
2026-03-08 12:56:27 | HTTP REQUEST -> GET https://harorepositoty2-590358146556.europe-west1.run.app/api/estados-cuenta
2026-03-08 12:56:27 | Headers: {'Accept': 'application/json', 'Content-Type': 'application/json', 'Authorization': '***REDACTED***'}
2026-03-08 12:56:28 | HTTP RESPONSE <- 200 GET https://harorepositoty2-590358146556.europe-west1.run.app/api/estados-cuenta
2026-03-08 12:56:28 | Content-Type: application/json
2026-03-08 12:56:28 | Body: [{"id":1,"idEstudiante":1,"montoTotal":920.00,"montoPagado":920.00,"multas":0.00,"estado":"Pagado"}]
2026-03-08 12:57:14 | HTTP REQUEST -> GET https://harorepositoty2-590358146556.europe-west1.run.app/api/profesores
2026-03-08 12:57:15 | Headers: {'Accept': 'application/json', 'Content-Type': 'application/json', 'Authorization': '***REDACTED***'}
2026-03-08 12:57:15 | HTTP RESPONSE <- 200 GET https://harorepositoty2-590358146556.europe-west1.run.app/api/profesores
2026-03-08 12:57:15 | Content-Type: application/json
2026-03-08 12:57:15 | Body: [{"id":1,"cedula":"79845612","nombre":"Carlos","apellido":"Perez","correo":"carlos.perez@ceaharo.com","especialidad":"moto","categoria":"moto","telefono":"3119876543","email":"nicolasmachado19292@gmail.com","usuario":"carlos.perez","visible":true}]
2026-03-08 12:57:22 | HTTP REQUEST -> GET https://harorepositoty2-590358146556.europe-west1.run.app/api/estudiantes
2026-03-08 12:57:22 | Headers: {'Accept': 'application/json', 'Content-Type': 'application/json', 'Authorization': '***REDACTED***'}
2026-03-08 12:57:23 | HTTP RESPONSE <- 200 GET https://harorepositoty2-590358146556.europe-west1.run.app/api/estudiantes
2026-03-08 12:57:23 | Content-Type: application/json
2026-03-08 12:57:23 | Body: [{"id":1,"nombre":"Laura Angelica","apellido":"Gomez","tipoEstudiante":"prospecto","tipoDocumento":"CC","numeroDocumento":"1032456789","categoria":"A2","sede":"1 de mayo","horas":32,"tipoPase":"moto","aproboExamenTeorico":false,"telefono":"3001234567","email":"danielapinher@gmail.com","direccion":"Calle 10 #20-30","fotoPerfil":null,"estado":"Pendiente","visible":true,"usuario":"1032456789"}]
2026-03-08 12:57:23 | HTTP REQUEST -> GET https://harorepositoty2-590358146556.europe-west1.run.app/api/profesores
2026-03-08 12:57:23 | Headers: {'Accept': 'application/json', 'Content-Type': 'application/json', 'Authorization': '***REDACTED***'}
2026-03-08 12:57:24 | HTTP RESPONSE <- 200 GET https://harorepositoty2-590358146556.europe-west1.run.app/api/profesores
2026-03-08 12:57:24 | Content-Type: application/json
2026-03-08 12:57:24 | Body: [{"id":1,"cedula":"79845612","nombre":"Carlos","apellido":"Perez","correo":"carlos.perez@ceaharo.com","especialidad":"moto","categoria":"moto","telefono":"3119876543","email":"nicolasmachado19292@gmail.com","usuario":"carlos.perez","visible":true}]
2026-03-08 12:57:24 | HTTP REQUEST -> GET https://harorepositoty2-590358146556.europe-west1.run.app/api/vehiculos
2026-03-08 12:57:24 | Headers: {'Accept': 'application/json', 'Content-Type': 'application/json', 'Authorization': '***REDACTED***'}
2026-03-08 12:57:24 | HTTP RESPONSE <- 200 GET https://harorepositoty2-590358146556.europe-west1.run.app/api/vehiculos
2026-03-08 12:57:24 | Content-Type: application/json
2026-03-08 12:57:24 | Body: [{"placa":"ABC123","marca":"Chevrolet","modelo":"Onix","anio":2024,"sede":null,"estado":"Activo","visible":true}]
2026-03-08 12:57:24 | HTTP REQUEST -> GET https://harorepositoty2-590358146556.europe-west1.run.app/api/clases
2026-03-08 12:57:24 | Headers: {'Accept': 'application/json', 'Content-Type': 'application/json', 'Authorization': '***REDACTED***'}
2026-03-08 12:57:25 | HTTP RESPONSE <- 200 GET https://harorepositoty2-590358146556.europe-west1.run.app/api/clases
2026-03-08 12:57:25 | Content-Type: application/json
2026-03-08 12:57:25 | Body: []
2026-03-08 12:57:47 | HTTP REQUEST -> POST https://harorepositoty2-590358146556.europe-west1.run.app/api/clases
2026-03-08 12:57:47 | Headers: {'Accept': 'application/json', 'Content-Type': 'application/json', 'Authorization': '***REDACTED***'}
2026-03-08 12:57:47 | Payload: {"id_estudiante": 1, "id_profesor": 1, "placa_vehiculo": "ABC123", "fecha": "2026-03-10", "horaInicio": "10:00", "horaFin": "12:00", "estado": "Programada"}
2026-03-08 12:57:47 | HTTP RESPONSE <- 400 POST https://harorepositoty2-590358146556.europe-west1.run.app/api/clases
2026-03-08 12:57:47 | Content-Type: application/json
2026-03-08 12:57:47 | Body: area es obligatoria
2026-03-08 12:57:47 | HTTP ERROR Exception: Error inesperado: HTTP 400: area es obligatoria | POST https://harorepositoty2-590358146556.europe-west1.run.app/api/clases
2026-03-08 13:13:13 | HTTP REQUEST -> GET https://harorepositoty2-590358146556.europe-west1.run.app/api/profesores
2026-03-08 13:13:13 | HTTP REQUEST -> GET https://harorepositoty2-590358146556.europe-west1.run.app/api/estudiantes
2026-03-08 13:13:13 | Headers: {'Accept': 'application/json', 'Content-Type': 'application/json', 'Authorization': '***REDACTED***'}
2026-03-08 13:13:13 | Headers: {'Accept': 'application/json', 'Content-Type': 'application/json', 'Authorization': '***REDACTED***'}
2026-03-08 13:13:14 | HTTP RESPONSE <- 200 GET https://harorepositoty2-590358146556.europe-west1.run.app/api/profesores
2026-03-08 13:13:14 | Content-Type: application/json
2026-03-08 13:13:14 | Body: [{"id":1,"cedula":"79845612","nombre":"Carlos","apellido":"Perez","correo":"carlos.perez@ceaharo.com","especialidad":"moto","categoria":"moto","telefono":"3119876543","email":"nicolasmachado19292@gmail.com","usuario":"carlos.perez","visible":true}]
2026-03-08 13:13:14 | HTTP REQUEST -> GET https://harorepositoty2-590358146556.europe-west1.run.app/api/vehiculos
2026-03-08 13:13:14 | Headers: {'Accept': 'application/json', 'Content-Type': 'application/json', 'Authorization': '***REDACTED***'}
2026-03-08 13:13:14 | HTTP RESPONSE <- 200 GET https://harorepositoty2-590358146556.europe-west1.run.app/api/estudiantes
2026-03-08 13:13:14 | Content-Type: application/json
2026-03-08 13:13:14 | Body: [{"id":1,"nombre":"Laura Angelica","apellido":"Gomez","tipoEstudiante":"prospecto","tipoDocumento":"CC","numeroDocumento":"1032456789","categoria":"A2","sede":"1 de mayo","horas":32,"tipoPase":"moto","aproboExamenTeorico":false,"telefono":"3001234567","email":"danielapinher@gmail.com","direccion":"Calle 10 #20-30","fotoPerfil":null,"estado":"Pendiente","visible":true,"usuario":"1032456789"}]
2026-03-08 13:13:15 | HTTP RESPONSE <- 200 GET https://harorepositoty2-590358146556.europe-west1.run.app/api/vehiculos
2026-03-08 13:13:15 | Content-Type: application/json
2026-03-08 13:13:15 | Body: [{"placa":"ABC123","marca":"Chevrolet","modelo":"Onix","anio":2024,"sede":null,"estado":"Activo","visible":true}]
2026-03-08 13:13:15 | HTTP REQUEST -> GET https://harorepositoty2-590358146556.europe-west1.run.app/api/clases-practicas
2026-03-08 13:13:15 | Headers: {'Accept': 'application/json', 'Content-Type': 'application/json', 'Authorization': '***REDACTED***'}
2026-03-08 13:13:16 | HTTP RESPONSE <- 200 GET https://harorepositoty2-590358146556.europe-west1.run.app/api/clases-practicas
2026-03-08 13:13:16 | Content-Type: application/json
2026-03-08 13:13:16 | Body: []
2026-03-08 13:13:16 | HTTP REQUEST -> GET https://harorepositoty2-590358146556.europe-west1.run.app/api/estados-cuenta
2026-03-08 13:13:16 | Headers: {'Accept': 'application/json', 'Content-Type': 'application/json', 'Authorization': '***REDACTED***'}
2026-03-08 13:13:17 | HTTP RESPONSE <- 200 GET https://harorepositoty2-590358146556.europe-west1.run.app/api/estados-cuenta
2026-03-08 13:13:17 | Content-Type: application/json
2026-03-08 13:13:17 | Body: [{"id":1,"idEstudiante":1,"montoTotal":920.00,"montoPagado":920.00,"multas":0.00,"estado":"Pagado"}]
2026-03-08 13:13:18 | HTTP REQUEST -> GET https://harorepositoty2-590358146556.europe-west1.run.app/api/estudiantes
2026-03-08 13:13:18 | Headers: {'Accept': 'application/json', 'Content-Type': 'application/json', 'Authorization': '***REDACTED***'}
2026-03-08 13:13:19 | HTTP RESPONSE <- 200 GET https://harorepositoty2-590358146556.europe-west1.run.app/api/estudiantes
2026-03-08 13:13:19 | Content-Type: application/json
2026-03-08 13:13:19 | Body: [{"id":1,"nombre":"Laura Angelica","apellido":"Gomez","tipoEstudiante":"prospecto","tipoDocumento":"CC","numeroDocumento":"1032456789","categoria":"A2","sede":"1 de mayo","horas":32,"tipoPase":"moto","aproboExamenTeorico":false,"telefono":"3001234567","email":"danielapinher@gmail.com","direccion":"Calle 10 #20-30","fotoPerfil":null,"estado":"Pendiente","visible":true,"usuario":"1032456789"}]
2026-03-08 13:13:19 | HTTP REQUEST -> GET https://harorepositoty2-590358146556.europe-west1.run.app/api/profesores
2026-03-08 13:13:19 | Headers: {'Accept': 'application/json', 'Content-Type': 'application/json', 'Authorization': '***REDACTED***'}
2026-03-08 13:13:20 | HTTP RESPONSE <- 200 GET https://harorepositoty2-590358146556.europe-west1.run.app/api/profesores
2026-03-08 13:13:20 | Content-Type: application/json
2026-03-08 13:13:20 | Body: [{"id":1,"cedula":"79845612","nombre":"Carlos","apellido":"Perez","correo":"carlos.perez@ceaharo.com","especialidad":"moto","categoria":"moto","telefono":"3119876543","email":"nicolasmachado19292@gmail.com","usuario":"carlos.perez","visible":true}]
2026-03-08 13:13:20 | HTTP REQUEST -> GET https://harorepositoty2-590358146556.europe-west1.run.app/api/vehiculos
2026-03-08 13:13:20 | Headers: {'Accept': 'application/json', 'Content-Type': 'application/json', 'Authorization': '***REDACTED***'}
2026-03-08 13:13:21 | HTTP RESPONSE <- 200 GET https://harorepositoty2-590358146556.europe-west1.run.app/api/vehiculos
2026-03-08 13:13:21 | Content-Type: application/json
2026-03-08 13:13:21 | Body: [{"placa":"ABC123","marca":"Chevrolet","modelo":"Onix","anio":2024,"sede":null,"estado":"Activo","visible":true}]
2026-03-08 13:13:21 | HTTP REQUEST -> GET https://harorepositoty2-590358146556.europe-west1.run.app/api/clases-practicas
2026-03-08 13:13:21 | Headers: {'Accept': 'application/json', 'Content-Type': 'application/json', 'Authorization': '***REDACTED***'}
2026-03-08 13:13:22 | HTTP RESPONSE <- 200 GET https://harorepositoty2-590358146556.europe-west1.run.app/api/clases-practicas
2026-03-08 13:13:22 | Content-Type: application/json
2026-03-08 13:13:22 | Body: []
2026-03-08 13:14:16 | HTTP REQUEST -> GET https://harorepositoty2-590358146556.europe-west1.run.app/api/clases-practicas
2026-03-08 13:14:16 | Headers: {'Accept': 'application/json', 'Content-Type': 'application/json', 'Authorization': '***REDACTED***'}
2026-03-08 13:14:17 | HTTP RESPONSE <- 200 GET https://harorepositoty2-590358146556.europe-west1.run.app/api/clases-practicas
2026-03-08 13:14:17 | Content-Type: application/json
2026-03-08 13:14:17 | Body: []
2026-03-08 13:14:22 | HTTP REQUEST -> POST https://harorepositoty2-590358146556.europe-west1.run.app/api/clases-practicas
2026-03-08 13:14:22 | Headers: {'Accept': 'application/json', 'Content-Type': 'application/json', 'Authorization': '***REDACTED***'}
2026-03-08 13:14:22 | Payload: {"id_estudiante": 1, "id_profesor": 1, "placa_vehiculo": "ABC123", "fecha": "2026-03-10", "horaInicio": "10:00", "horaFin": "12:00", "estado": "Programada"}
2026-03-08 13:14:23 | HTTP RESPONSE <- 201 POST https://harorepositoty2-590358146556.europe-west1.run.app/api/clases-practicas
2026-03-08 13:14:23 | Content-Type: application/json
2026-03-08 13:14:23 | Body: {"id":1,"id_estudiante":1,"id_profesor":1,"placa_vehiculo":"ABC123","fecha":"2026-03-10","horaInicio":"10:00","horaFin":"12:00","estado":"Programada","estadoClase":null}
2026-03-08 13:14:23 | HTTP REQUEST -> POST https://harorepositoty2-590358146556.europe-west1.run.app/api/calendar/reuniones
2026-03-08 13:14:23 | Headers: {'Accept': 'application/json', 'Content-Type': 'application/json', 'Authorization': '***REDACTED***'}
2026-03-08 13:14:23 | Payload: {"titulo": "Clase de conducción - Laura Angelica Gomez", "descripcion": "Clase CEA HARO\nEstudiante: Laura Angelica Gomez\nDocumento: 1032456789\nInstructor: Carlos Perez\nVehículo: ABC123\nSede vehículo: N/A\nEstado: Programada", "inicio": "2026-03-10T10:00:00-05:00", "fin": "2026-03-10T12:00:00-05:00", "zonaHoraria": "America/Bogota", "calendarId": "primary", "asistentes": ["danielapinher@gmail.com", "nicolasmachado19292@gmail.com"]}
2026-03-08 13:14:24 | HTTP RESPONSE <- 400 POST https://harorepositoty2-590358146556.europe-west1.run.app/api/calendar/reuniones
2026-03-08 13:14:24 | Content-Type: application/json
2026-03-08 13:14:24 | Body: No se pudo completar OAuth de Google Calendar. Verifica client secrets y que el redirect local este habilitado.
2026-03-08 13:14:24 | HTTP ERROR Exception: Error inesperado: HTTP 400: No se pudo completar OAuth de Google Calendar. Verifica client secrets y que el redirect local este habilitado. | POST https://harorepositoty2-590358146556.europe-west1.run.app/api/calendar/reuniones
2026-03-08 13:43:41 | HTTP REQUEST -> GET https://harorepositoty2-590358146556.europe-west1.run.app/api/profesores
2026-03-08 13:43:41 | Headers: {'Accept': 'application/json', 'Content-Type': 'application/json', 'Authorization': '***REDACTED***'}
2026-03-08 13:43:41 | HTTP REQUEST -> GET https://harorepositoty2-590358146556.europe-west1.run.app/api/estudiantes
2026-03-08 13:43:41 | Headers: {'Accept': 'application/json', 'Content-Type': 'application/json', 'Authorization': '***REDACTED***'}
2026-03-08 13:43:42 | HTTP RESPONSE <- 200 GET https://harorepositoty2-590358146556.europe-west1.run.app/api/estudiantes
2026-03-08 13:43:42 | Content-Type: application/json
2026-03-08 13:43:42 | Body: [{"id":1,"nombre":"Laura Angelica","apellido":"Gomez","tipoEstudiante":"prospecto","tipoDocumento":"CC","numeroDocumento":"1032456789","categoria":"A2","sede":"1 de mayo","horas":32,"tipoPase":"moto","aproboExamenTeorico":false,"telefono":"3001234567","email":"danielapinher@gmail.com","direccion":"Calle 10 #20-30","fotoPerfil":null,"estado":"Pendiente","visible":true,"usuario":"1032456789"}]
2026-03-08 13:43:42 | HTTP RESPONSE <- 200 GET https://harorepositoty2-590358146556.europe-west1.run.app/api/profesores
2026-03-08 13:43:42 | Content-Type: application/json
2026-03-08 13:43:42 | Body: [{"id":1,"cedula":"79845612","nombre":"Carlos","apellido":"Perez","correo":"carlos.perez@ceaharo.com","especialidad":"moto","categoria":"moto","telefono":"3119876543","email":"nicolasmachado19292@gmail.com","usuario":"carlos.perez","visible":true}]
2026-03-08 13:43:42 | HTTP REQUEST -> GET https://harorepositoty2-590358146556.europe-west1.run.app/api/vehiculos
2026-03-08 13:43:42 | Headers: {'Accept': 'application/json', 'Content-Type': 'application/json', 'Authorization': '***REDACTED***'}
2026-03-08 13:43:43 | HTTP RESPONSE <- 200 GET https://harorepositoty2-590358146556.europe-west1.run.app/api/vehiculos
2026-03-08 13:43:43 | Content-Type: application/json
2026-03-08 13:43:43 | Body: [{"placa":"ABC123","marca":"Chevrolet","modelo":"Onix","anio":2024,"sede":null,"estado":"Activo","visible":true}]
2026-03-08 13:43:43 | HTTP REQUEST -> GET https://harorepositoty2-590358146556.europe-west1.run.app/api/clases-practicas
2026-03-08 13:43:43 | Headers: {'Accept': 'application/json', 'Content-Type': 'application/json', 'Authorization': '***REDACTED***'}
2026-03-08 13:43:44 | HTTP RESPONSE <- 200 GET https://harorepositoty2-590358146556.europe-west1.run.app/api/clases-practicas
2026-03-08 13:43:44 | Content-Type: application/json
2026-03-08 13:43:44 | Body: [{"id":1,"id_estudiante":1,"id_profesor":1,"placa_vehiculo":"ABC123","fecha":"2026-03-10","horaInicio":"10:00","horaFin":"12:00","estado":"Programada","estadoClase":null}]
2026-03-08 13:43:44 | HTTP REQUEST -> GET https://harorepositoty2-590358146556.europe-west1.run.app/api/estados-cuenta
2026-03-08 13:43:44 | Headers: {'Accept': 'application/json', 'Content-Type': 'application/json', 'Authorization': '***REDACTED***'}
2026-03-08 13:43:44 | HTTP REQUEST -> GET https://harorepositoty2-590358146556.europe-west1.run.app/api/estados-cuenta
2026-03-08 13:43:44 | Headers: {'Accept': 'application/json', 'Content-Type': 'application/json', 'Authorization': '***REDACTED***'}
2026-03-08 13:43:45 | HTTP RESPONSE <- 200 GET https://harorepositoty2-590358146556.europe-west1.run.app/api/estados-cuenta
2026-03-08 13:43:45 | Content-Type: application/json
2026-03-08 13:43:45 | Body: [{"id":1,"idEstudiante":1,"montoTotal":920.00,"montoPagado":920.00,"multas":0.00,"estado":"Pagado"}]
2026-03-08 13:43:45 | HTTP REQUEST -> GET https://harorepositoty2-590358146556.europe-west1.run.app/api/estudiantes
2026-03-08 13:43:45 | Headers: {'Accept': 'application/json', 'Content-Type': 'application/json', 'Authorization': '***REDACTED***'}
2026-03-08 13:43:45 | HTTP RESPONSE <- 200 GET https://harorepositoty2-590358146556.europe-west1.run.app/api/estados-cuenta
2026-03-08 13:43:45 | Content-Type: application/json
2026-03-08 13:43:45 | Body: [{"id":1,"idEstudiante":1,"montoTotal":920.00,"montoPagado":920.00,"multas":0.00,"estado":"Pagado"}]
2026-03-08 13:43:46 | HTTP RESPONSE <- 200 GET https://harorepositoty2-590358146556.europe-west1.run.app/api/estudiantes
2026-03-08 13:43:46 | Content-Type: application/json
2026-03-08 13:43:46 | Body: [{"id":1,"nombre":"Laura Angelica","apellido":"Gomez","tipoEstudiante":"prospecto","tipoDocumento":"CC","numeroDocumento":"1032456789","categoria":"A2","sede":"1 de mayo","horas":32,"tipoPase":"moto","aproboExamenTeorico":false,"telefono":"3001234567","email":"danielapinher@gmail.com","direccion":"Calle 10 #20-30","fotoPerfil":null,"estado":"Pendiente","visible":true,"usuario":"1032456789"}]
2026-03-08 13:43:46 | HTTP REQUEST -> GET https://harorepositoty2-590358146556.europe-west1.run.app/api/profesores
2026-03-08 13:43:46 | Headers: {'Accept': 'application/json', 'Content-Type': 'application/json', 'Authorization': '***REDACTED***'}
2026-03-08 13:43:47 | HTTP RESPONSE <- 200 GET https://harorepositoty2-590358146556.europe-west1.run.app/api/profesores
2026-03-08 13:43:47 | Content-Type: application/json
2026-03-08 13:43:47 | Body: [{"id":1,"cedula":"79845612","nombre":"Carlos","apellido":"Perez","correo":"carlos.perez@ceaharo.com","especialidad":"moto","categoria":"moto","telefono":"3119876543","email":"nicolasmachado19292@gmail.com","usuario":"carlos.perez","visible":true}]
2026-03-08 13:43:47 | HTTP REQUEST -> GET https://harorepositoty2-590358146556.europe-west1.run.app/api/vehiculos
2026-03-08 13:43:47 | Headers: {'Accept': 'application/json', 'Content-Type': 'application/json', 'Authorization': '***REDACTED***'}
2026-03-08 13:43:48 | HTTP RESPONSE <- 200 GET https://harorepositoty2-590358146556.europe-west1.run.app/api/vehiculos
2026-03-08 13:43:48 | Content-Type: application/json
2026-03-08 13:43:48 | Body: [{"placa":"ABC123","marca":"Chevrolet","modelo":"Onix","anio":2024,"sede":null,"estado":"Activo","visible":true}]
2026-03-08 13:43:48 | HTTP REQUEST -> GET https://harorepositoty2-590358146556.europe-west1.run.app/api/clases-practicas
2026-03-08 13:43:48 | Headers: {'Accept': 'application/json', 'Content-Type': 'application/json', 'Authorization': '***REDACTED***'}
2026-03-08 13:43:49 | HTTP RESPONSE <- 200 GET https://harorepositoty2-590358146556.europe-west1.run.app/api/clases-practicas
2026-03-08 13:43:49 | Content-Type: application/json
2026-03-08 13:43:49 | Body: [{"id":1,"id_estudiante":1,"id_profesor":1,"placa_vehiculo":"ABC123","fecha":"2026-03-10","horaInicio":"10:00","horaFin":"12:00","estado":"Programada","estadoClase":null}]
2026-03-08 23:00:14 | HTTP REQUEST -> GET https://harorepositoty2-590358146556.europe-west1.run.app/api/profesores

2026-03-08 23:00:14 | Headers: {'Accept': 'application/json', 'Content-Type': 'application/json', 'Authorization': '***REDACTED***'}
2026-03-08 23:00:14 | Headers: {'Accept': 'application/json', 'Content-Type': 'application/json', 'Authorization': '***REDACTED***'}
2026-03-08 23:00:15 | HTTP RESPONSE <- 200 GET https://harorepositoty2-590358146556.europe-west1.run.app/api/estudiantes
2026-03-08 23:00:15 | HTTP RESPONSE <- 200 GET https://harorepositoty2-590358146556.europe-west1.run.app/api/profesores
2026-03-08 23:00:15 | Content-Type: application/json
2026-03-08 23:00:15 | Content-Type: application/json
2026-03-08 23:00:15 | Body: [{"id":1,"nombre":"Laura Angelica","apellido":"Gomez","tipoEstudiante":"prospecto","tipoDocumento":"CC","numeroDocumento":"1032456789","categoria":"A2","sede":"1 de mayo","horas":32,"tipoPase":"moto","aproboExamenTeorico":false,"telefono":"3001234567","email":"danielapinher@gmail.com","direccion":"Calle 10 #20-30","fotoPerfil":null,"estado":"Pendiente","visible":true,"usuario":"1032456789","fechaCreacion":null},{"id":2,"nombre":"Juan","apellido":"Prueba","tipoEstudiante":"matriculado","tipoDocumento":"CC","numeroDocumento":"991773016278","categoria":"A2","sede":"Kennedy","horas":0,"tipoPase":"moto","aproboExamenTeorico":false,"telefono":"3202114876","email":"qa.estudiante.1773016278@ceaharo.com","direccion":"Bogota","fotoPerfil":null,"estado":"Activo","visible":true,"usuario":"qa_est_1773016278","fechaCreacion":"2026-03-08"}]
2026-03-08 23:00:15 | Body: [{"id":1,"cedula":"79845612","nombre":"Carlos","apellido":"Perez","correo":"carlos.perez@ceaharo.com","especialidad":"moto","categoria":"moto","telefono":"3119876543","email":"nicolasmachado19292@gmail.com","usuario":"carlos.perez","visible":true}]
2026-03-08 23:00:15 | HTTP REQUEST -> GET https://harorepositoty2-590358146556.europe-west1.run.app/api/vehiculos
2026-03-08 23:00:15 | Headers: {'Accept': 'application/json', 'Content-Type': 'application/json', 'Authorization': '***REDACTED***'}
2026-03-08 23:00:16 | HTTP RESPONSE <- 200 GET https://harorepositoty2-590358146556.europe-west1.run.app/api/vehiculos
2026-03-08 23:00:16 | Content-Type: application/json
2026-03-08 23:00:16 | Body: [{"placa":"ABC123","marca":"Chevrolet","modelo":"Onix","anio":2024,"sede":null,"estado":"Activo","visible":true}]
2026-03-08 23:00:16 | HTTP REQUEST -> GET https://harorepositoty2-590358146556.europe-west1.run.app/api/clases-practicas
2026-03-08 23:00:16 | Headers: {'Accept': 'application/json', 'Content-Type': 'application/json', 'Authorization': '***REDACTED***'}
2026-03-08 23:00:16 | HTTP RESPONSE <- 200 GET https://harorepositoty2-590358146556.europe-west1.run.app/api/clases-practicas
2026-03-08 23:00:16 | Content-Type: application/json
2026-03-08 23:00:16 | Body: [{"id":1,"id_estudiante":1,"id_profesor":1,"placa_vehiculo":"ABC123","fecha":"2026-03-10","horaInicio":"10:00","horaFin":"12:00","estado":"Programada","estadoClase":null}]
2026-03-08 23:00:16 | HTTP REQUEST -> GET https://harorepositoty2-590358146556.europe-west1.run.app/api/estados-cuenta
2026-03-08 23:00:16 | Headers: {'Accept': 'application/json', 'Content-Type': 'application/json', 'Authorization': '***REDACTED***'}
2026-03-08 23:00:17 | HTTP RESPONSE <- 200 GET https://harorepositoty2-590358146556.europe-west1.run.app/api/estados-cuenta
2026-03-08 23:00:17 | Content-Type: application/json
2026-03-08 23:00:17 | Body: [{"id":1,"idEstudiante":1,"montoTotal":920.00,"montoPagado":920.00,"multas":0.00,"estado":"Pagado"}]
2026-03-08 23:01:12 | HTTP REQUEST -> POST https://harorepositoty2-590358146556.europe-west1.run.app/api/estudiantes
2026-03-08 23:01:12 | Headers: {'Accept': 'application/json', 'Content-Type': 'application/json', 'Authorization': '***REDACTED***'}
2026-03-08 23:01:12 | Payload: {"tipoDocumento": "CC", "numeroDocumento": "1022658956", "nombre": "nicolas", "apellido": "machado", "tipoEstudiante": "activo", "telefono": "3156548956", "email": "nicolasmachado422@gmail.com", "direccion": "carrera 1", "sede": "el eden", "horas": 0, "tipoPase": "carro", "aproboExamenTeorico": false, "visible": true, "estado": "Activo", "categoria": "B1", "usuario": "1022658956", "contrasena": "1022658956"}
2026-03-08 23:01:13 | HTTP RESPONSE <- 201 POST https://harorepositoty2-590358146556.europe-west1.run.app/api/estudiantes
2026-03-08 23:01:13 | Content-Type: application/json
2026-03-08 23:01:13 | Body: {"id":3,"nombre":"nicolas","apellido":"machado","tipoEstudiante":"activo","tipoDocumento":"CC","numeroDocumento":"1022658956","categoria":"B1","sede":"el eden","horas":0,"tipoPase":"carro","aproboExamenTeorico":false,"telefono":"3156548956","email":"nicolasmachado422@gmail.com","direccion":"carrera 1","fotoPerfil":null,"estado":"Activo","visible":true,"usuario":"1022658956","fechaCreacion":"2026-03-08"}
2026-03-08 23:01:13 | HTTP REQUEST -> GET https://harorepositoty2-590358146556.europe-west1.run.app/api/estudiantes
2026-03-08 23:01:13 | Headers: {'Accept': 'application/json', 'Content-Type': 'application/json', 'Authorization': '***REDACTED***'}
2026-03-08 23:01:14 | HTTP RESPONSE <- 200 GET https://harorepositoty2-590358146556.europe-west1.run.app/api/estudiantes
2026-03-08 23:01:14 | Content-Type: application/json
2026-03-08 23:01:14 | Body: [{"id":1,"nombre":"Laura Angelica","apellido":"Gomez","tipoEstudiante":"prospecto","tipoDocumento":"CC","numeroDocumento":"1032456789","categoria":"A2","sede":"1 de mayo","horas":32,"tipoPase":"moto","aproboExamenTeorico":false,"telefono":"3001234567","email":"danielapinher@gmail.com","direccion":"Calle 10 #20-30","fotoPerfil":null,"estado":"Pendiente","visible":true,"usuario":"1032456789","fechaCreacion":null},{"id":2,"nombre":"Juan","apellido":"Prueba","tipoEstudiante":"matriculado","tipoDocumento":"CC","numeroDocumento":"991773016278","categoria":"A2","sede":"Kennedy","horas":0,"tipoPase":"moto","aproboExamenTeorico":false,"telefono":"3202114876","email":"qa.estudiante.1773016278@ceaharo.com","direccion":"Bogota","fotoPerfil":null,"estado":"Activo","visible":true,"usuario":"qa_est_1773016278","fechaCreacion":"2026-03-08"},{"id":3,"nombre":"nicolas","apellido":"machado","tipoEstudiante":"activo","tipoDocumento":"CC","numeroDocumento":"1022658956","categoria":"B1","sede":"el eden","horas":0,"tipoPase":"carro","aproboExamenTeorico":false,"telefono":"3156548956","email":"nicolasmachado422@gmail.com","direccion":"carrera 1","fotoPerfil":null,"estado":"Activo","visible":true,"usuario":"1022658956","fechaCreacion":"2026-03-08"}]
2026-03-08 23:01:28 | HTTP REQUEST -> PUT https://harorepositoty2-590358146556.europe-west1.run.app/api/estudiantes/3
2026-03-08 23:01:28 | Headers: {'Accept': 'application/json', 'Content-Type': 'application/json', 'Authorization': '***REDACTED***'}
2026-03-08 23:01:28 | Payload: {"nombre": "nicolas", "apellido": "ortiz", "tipoEstudiante": "activo", "tipoDocumento": "CC", "numeroDocumento": "1022658956", "categoria": "B1", "sede": "el eden", "horas": 0, "tipoPase": "carro", "aproboExamenTeorico": false, "telefono": "3156548956", "email": "nicolasmachado422@gmail.com", "direccion": "carrera 1", "fotoPerfil": null, "estado": "Activo", "visible": true, "usuario": "1022658956", "fechaCreacion": "2026-03-08", "contrasena": "1022658956", "categoriaLicencia": "B1", "licenciaCategoria": "B1", "tipoLicencia": "B1"}
2026-03-08 23:01:29 | HTTP RESPONSE <- 200 PUT https://harorepositoty2-590358146556.europe-west1.run.app/api/estudiantes/3
2026-03-08 23:01:29 | Content-Type: application/json
2026-03-08 23:01:29 | Body: {"id":3,"nombre":"nicolas","apellido":"ortiz","tipoEstudiante":"activo","tipoDocumento":"CC","numeroDocumento":"1022658956","categoria":"B1","sede":"el eden","horas":0,"tipoPase":"carro","aproboExamenTeorico":false,"telefono":"3156548956","email":"nicolasmachado422@gmail.com","direccion":"carrera 1","fotoPerfil":null,"estado":"Activo","visible":true,"usuario":"1022658956","fechaCreacion":"2026-03-08"}
2026-03-08 23:01:29 | HTTP REQUEST -> GET https://harorepositoty2-590358146556.europe-west1.run.app/api/estudiantes
2026-03-08 23:01:29 | Headers: {'Accept': 'application/json', 'Content-Type': 'application/json', 'Authorization': '***REDACTED***'}
2026-03-08 23:01:30 | HTTP RESPONSE <- 200 GET https://harorepositoty2-590358146556.europe-west1.run.app/api/estudiantes
2026-03-08 23:01:30 | Content-Type: application/json
2026-03-08 23:01:30 | Body: [{"id":1,"nombre":"Laura Angelica","apellido":"Gomez","tipoEstudiante":"prospecto","tipoDocumento":"CC","numeroDocumento":"1032456789","categoria":"A2","sede":"1 de mayo","horas":32,"tipoPase":"moto","aproboExamenTeorico":false,"telefono":"3001234567","email":"danielapinher@gmail.com","direccion":"Calle 10 #20-30","fotoPerfil":null,"estado":"Pendiente","visible":true,"usuario":"1032456789","fechaCreacion":null},{"id":2,"nombre":"Juan","apellido":"Prueba","tipoEstudiante":"matriculado","tipoDocumento":"CC","numeroDocumento":"991773016278","categoria":"A2","sede":"Kennedy","horas":0,"tipoPase":"moto","aproboExamenTeorico":false,"telefono":"3202114876","email":"qa.estudiante.1773016278@ceaharo.com","direccion":"Bogota","fotoPerfil":null,"estado":"Activo","visible":true,"usuario":"qa_est_1773016278","fechaCreacion":"2026-03-08"},{"id":3,"nombre":"nicolas","apellido":"ortiz","tipoEstudiante":"activo","tipoDocumento":"CC","numeroDocumento":"1022658956","categoria":"B1","sede":"el eden","horas":0,"tipoPase":"carro","aproboExamenTeorico":false,"telefono":"3156548956","email":"nicolasmachado422@gmail.com","direccion":"carrera 1","fotoPerfil":null,"estado":"Activo","visible":true,"usuario":"1022658956","fechaCreacion":"2026-03-08"}]
2026-03-08 23:01:32 | HTTP REQUEST -> GET https://harorepositoty2-590358146556.europe-west1.run.app/api/profesores
2026-03-08 23:01:32 | Headers: {'Accept': 'application/json', 'Content-Type': 'application/json', 'Authorization': '***REDACTED***'}
2026-03-08 23:01:33 | HTTP RESPONSE <- 200 GET https://harorepositoty2-590358146556.europe-west1.run.app/api/profesores
2026-03-08 23:01:33 | Content-Type: application/json
2026-03-08 23:01:33 | Body: [{"id":1,"cedula":"79845612","nombre":"Carlos","apellido":"Perez","correo":"carlos.perez@ceaharo.com","especialidad":"moto","categoria":"moto","telefono":"3119876543","email":"nicolasmachado19292@gmail.com","usuario":"carlos.perez","visible":true}]
2026-03-08 23:01:37 | HTTP REQUEST -> GET https://harorepositoty2-590358146556.europe-west1.run.app/api/vehiculos
2026-03-08 23:01:37 | Headers: {'Accept': 'application/json', 'Content-Type': 'application/json', 'Authorization': '***REDACTED***'}
2026-03-08 23:01:38 | HTTP RESPONSE <- 200 GET https://harorepositoty2-590358146556.europe-west1.run.app/api/vehiculos
2026-03-08 23:01:38 | Content-Type: application/json
2026-03-08 23:01:38 | Body: [{"placa":"ABC123","marca":"Chevrolet","modelo":"Onix","anio":2024,"sede":null,"estado":"Activo","visible":true}]
2026-03-08 23:01:44 | HTTP REQUEST -> GET https://harorepositoty2-590358146556.europe-west1.run.app/api/estudiantes
2026-03-08 23:01:44 | Headers: {'Accept': 'application/json', 'Content-Type': 'application/json', 'Authorization': '***REDACTED***'}
2026-03-08 23:01:45 | HTTP RESPONSE <- 200 GET https://harorepositoty2-590358146556.europe-west1.run.app/api/estudiantes
2026-03-08 23:01:45 | Content-Type: application/json
2026-03-08 23:01:45 | Body: [{"id":1,"nombre":"Laura Angelica","apellido":"Gomez","tipoEstudiante":"prospecto","tipoDocumento":"CC","numeroDocumento":"1032456789","categoria":"A2","sede":"1 de mayo","horas":32,"tipoPase":"moto","aproboExamenTeorico":false,"telefono":"3001234567","email":"danielapinher@gmail.com","direccion":"Calle 10 #20-30","fotoPerfil":null,"estado":"Pendiente","visible":true,"usuario":"1032456789","fechaCreacion":null},{"id":2,"nombre":"Juan","apellido":"Prueba","tipoEstudiante":"matriculado","tipoDocumento":"CC","numeroDocumento":"991773016278","categoria":"A2","sede":"Kennedy","horas":0,"tipoPase":"moto","aproboExamenTeorico":false,"telefono":"3202114876","email":"qa.estudiante.1773016278@ceaharo.com","direccion":"Bogota","fotoPerfil":null,"estado":"Activo","visible":true,"usuario":"qa_est_1773016278","fechaCreacion":"2026-03-08"},{"id":3,"nombre":"nicolas","apellido":"ortiz","tipoEstudiante":"activo","tipoDocumento":"CC","numeroDocumento":"1022658956","categoria":"B1","sede":"el eden","horas":0,"tipoPase":"carro","aproboExamenTeorico":false,"telefono":"3156548956","email":"nicolasmachado422@gmail.com","direccion":"carrera 1","fotoPerfil":null,"estado":"Activo","visible":true,"usuario":"1022658956","fechaCreacion":"2026-03-08"}]
2026-03-08 23:01:45 | HTTP REQUEST -> GET https://harorepositoty2-590358146556.europe-west1.run.app/api/profesores
2026-03-08 23:01:45 | Headers: {'Accept': 'application/json', 'Content-Type': 'application/json', 'Authorization': '***REDACTED***'}
2026-03-08 23:01:46 | HTTP RESPONSE <- 200 GET https://harorepositoty2-590358146556.europe-west1.run.app/api/profesores
2026-03-08 23:01:46 | Content-Type: application/json
2026-03-08 23:01:46 | Body: [{"id":1,"cedula":"79845612","nombre":"Carlos","apellido":"Perez","correo":"carlos.perez@ceaharo.com","especialidad":"moto","categoria":"moto","telefono":"3119876543","email":"nicolasmachado19292@gmail.com","usuario":"carlos.perez","visible":true}]
2026-03-08 23:01:46 | HTTP REQUEST -> GET https://harorepositoty2-590358146556.europe-west1.run.app/api/vehiculos
2026-03-08 23:01:46 | Headers: {'Accept': 'application/json', 'Content-Type': 'application/json', 'Authorization': '***REDACTED***'}
2026-03-08 23:01:47 | HTTP RESPONSE <- 200 GET https://harorepositoty2-590358146556.europe-west1.run.app/api/vehiculos
2026-03-08 23:01:47 | Content-Type: application/json
2026-03-08 23:01:47 | Body: [{"placa":"ABC123","marca":"Chevrolet","modelo":"Onix","anio":2024,"sede":null,"estado":"Activo","visible":true}]
2026-03-08 23:01:47 | HTTP REQUEST -> GET https://harorepositoty2-590358146556.europe-west1.run.app/api/clases-practicas
2026-03-08 23:01:47 | Headers: {'Accept': 'application/json', 'Content-Type': 'application/json', 'Authorization': '***REDACTED***'}
2026-03-08 23:01:47 | HTTP RESPONSE <- 200 GET https://harorepositoty2-590358146556.europe-west1.run.app/api/clases-practicas
2026-03-08 23:01:47 | Content-Type: application/json
2026-03-08 23:01:47 | Body: [{"id":1,"id_estudiante":1,"id_profesor":1,"placa_vehiculo":"ABC123","fecha":"2026-03-10","horaInicio":"10:00","horaFin":"12:00","estado":"Programada","estadoClase":null}]
2026-03-08 23:02:07 | HTTP REQUEST -> POST https://harorepositoty2-590358146556.europe-west1.run.app/api/clases-practicas
2026-03-08 23:02:07 | Headers: {'Accept': 'application/json', 'Content-Type': 'application/json', 'Authorization': '***REDACTED***'}
2026-03-08 23:02:07 | Payload: {"id_estudiante": 1, "id_profesor": 1, "placa_vehiculo": "ABC123", "fecha": "2026-03-12", "horaInicio": "08:00", "horaFin": "10:00", "estado": "Programada"}
2026-03-08 23:02:08 | HTTP RESPONSE <- 201 POST https://harorepositoty2-590358146556.europe-west1.run.app/api/clases-practicas
2026-03-08 23:02:08 | Content-Type: application/json
2026-03-08 23:02:08 | Body: {"id":2,"id_estudiante":1,"id_profesor":1,"placa_vehiculo":"ABC123","fecha":"2026-03-12","horaInicio":"08:00","horaFin":"10:00","estado":"Programada","estadoClase":null}
2026-03-08 23:02:12 | HTTP REQUEST -> GET https://harorepositoty2-590358146556.europe-west1.run.app/api/estudiantes
2026-03-08 23:02:12 | Headers: {'Accept': 'application/json', 'Content-Type': 'application/json', 'Authorization': '***REDACTED***'}
2026-03-08 23:02:13 | HTTP RESPONSE <- 200 GET https://harorepositoty2-590358146556.europe-west1.run.app/api/estudiantes
2026-03-08 23:02:13 | Content-Type: application/json
2026-03-08 23:02:13 | Body: [{"id":1,"nombre":"Laura Angelica","apellido":"Gomez","tipoEstudiante":"prospecto","tipoDocumento":"CC","numeroDocumento":"1032456789","categoria":"A2","sede":"1 de mayo","horas":32,"tipoPase":"moto","aproboExamenTeorico":false,"telefono":"3001234567","email":"danielapinher@gmail.com","direccion":"Calle 10 #20-30","fotoPerfil":null,"estado":"Pendiente","visible":true,"usuario":"1032456789","fechaCreacion":null},{"id":2,"nombre":"Juan","apellido":"Prueba","tipoEstudiante":"matriculado","tipoDocumento":"CC","numeroDocumento":"991773016278","categoria":"A2","sede":"Kennedy","horas":0,"tipoPase":"moto","aproboExamenTeorico":false,"telefono":"3202114876","email":"qa.estudiante.1773016278@ceaharo.com","direccion":"Bogota","fotoPerfil":null,"estado":"Activo","visible":true,"usuario":"qa_est_1773016278","fechaCreacion":"2026-03-08"},{"id":3,"nombre":"nicolas","apellido":"ortiz","tipoEstudiante":"activo","tipoDocumento":"CC","numeroDocumento":"1022658956","categoria":"B1","sede":"el eden","horas":0,"tipoPase":"carro","aproboExamenTeorico":false,"telefono":"3156548956","email":"nicolasmachado422@gmail.com","direccion":"carrera 1","fotoPerfil":null,"estado":"Activo","visible":true,"usuario":"1022658956","fechaCreacion":"2026-03-08"}]
2026-03-08 23:02:13 | HTTP REQUEST -> GET https://harorepositoty2-590358146556.europe-west1.run.app/api/estados-cuenta
2026-03-08 23:02:13 | Headers: {'Accept': 'application/json', 'Content-Type': 'application/json', 'Authorization': '***REDACTED***'}
2026-03-08 23:02:14 | HTTP RESPONSE <- 200 GET https://harorepositoty2-590358146556.europe-west1.run.app/api/estados-cuenta
2026-03-08 23:02:14 | Content-Type: application/json
2026-03-08 23:02:14 | Body: [{"id":1,"idEstudiante":1,"montoTotal":920.00,"montoPagado":920.00,"multas":0.00,"estado":"Pagado"}]
2026-03-08 23:02:21 | HTTP REQUEST -> PUT https://harorepositoty2-590358146556.europe-west1.run.app/api/estados-cuenta/1
2026-03-08 23:02:21 | Headers: {'Accept': 'application/json', 'Content-Type': 'application/json', 'Authorization': '***REDACTED***'}
2026-03-08 23:02:21 | Payload: {"idEstudiante": 1, "montoTotal": 920.0, "montoPagado": 920.0}
2026-03-08 23:02:22 | HTTP RESPONSE <- 200 PUT https://harorepositoty2-590358146556.europe-west1.run.app/api/estados-cuenta/1
2026-03-08 23:02:22 | Content-Type: application/json
2026-03-08 23:02:22 | Body: {"id":1,"idEstudiante":1,"montoTotal":920.0,"montoPagado":920.0,"multas":0,"estado":"Pagado"}
2026-03-13 00:19:23 | HTTP REQUEST -> GET https://harorepositoty2-590358146556.europe-west1.run.app/api/estudiantes
2026-03-13 00:19:23 | Headers: {'Accept': 'application/json', 'Content-Type': 'application/json', 'Authorization': '***REDACTED***'}
2026-03-13 00:19:23 | HTTP REQUEST -> GET https://harorepositoty2-590358146556.europe-west1.run.app/api/profesores
2026-03-13 00:19:23 | Headers: {'Accept': 'application/json', 'Content-Type': 'application/json', 'Authorization': '***REDACTED***'}
2026-03-13 00:19:24 | HTTP RESPONSE <- 200 GET https://harorepositoty2-590358146556.europe-west1.run.app/api/estudiantes
2026-03-13 00:19:24 | Content-Type: application/json;charset=UTF-8
2026-03-13 00:19:24 | HTTP RESPONSE <- 200 GET https://harorepositoty2-590358146556.europe-west1.run.app/api/profesores
2026-03-13 00:19:24 | Body: [{"id":1,"nombre":"Laura Angelica","apellido":"Gomez","tipoEstudiante":"prospecto","tipoDocumento":"CC","numeroDocumento":"1032456789","categoria":"A2","sede":"1 de mayo","horas":32,"tipoPase":"moto","aproboExamenTeorico":false,"telefono":"3001234567","email":"danielapinher@gmail.com","direccion":"Calle 10 #20-30","fotoPerfil":null,"estado":"Pendiente","visible":true,"usuario":"1032456789","fechaCreacion":null},{"id":2,"nombre":"Juan","apellido":"Prueba","tipoEstudiante":"matriculado","tipoDocumento":"CC","numeroDocumento":"991773016278","categoria":"A2","sede":"Kennedy","horas":0,"tipoPase":"moto","aproboExamenTeorico":false,"telefono":"3202114876","email":"qa.estudiante.1773016278@ceaharo.com","direccion":"Bogota","fotoPerfil":null,"estado":"Activo","visible":true,"usuario":"qa_est_1773016278","fechaCreacion":"2026-03-08"},{"id":3,"nombre":"nicolas","apellido":"ortiz","tipoEstudiante":"activo","tipoDocumento":"CC","numeroDocumento":"1022658956","categoria":"B1","sede":"el eden","horas":0,"tipoPase":"carro","aproboExamenTeorico":false,"telefono":"3156548956","email":"nicolasmachado422@gmail.com","direccion":"carrera 1","fotoPerfil":null,"estado":"Activo","visible":true,"usuario":"1022658956","fechaCreacion":"2026-03-08"}]
2026-03-13 00:19:24 | Content-Type: application/json;charset=UTF-8
2026-03-13 00:19:24 | Body: [{"id":1,"cedula":"79845612","nombre":"Carlos","apellido":"Perez","correo":"carlos.perez@ceaharo.com","especialidad":"moto","categoria":"moto","telefono":"3119876543","email":"nicolasmachado19292@gmail.com","usuario":"carlos.perez","visible":true}]
2026-03-13 00:19:24 | HTTP REQUEST -> GET https://harorepositoty2-590358146556.europe-west1.run.app/api/vehiculos
2026-03-13 00:19:24 | Headers: {'Accept': 'application/json', 'Content-Type': 'application/json', 'Authorization': '***REDACTED***'}
2026-03-13 00:19:25 | HTTP RESPONSE <- 200 GET https://harorepositoty2-590358146556.europe-west1.run.app/api/vehiculos
2026-03-13 00:19:25 | Content-Type: application/json;charset=UTF-8
2026-03-13 00:19:25 | Body: [{"placa":"ABC123","marca":"Chevrolet","modelo":"Onix","anio":2024,"sede":null,"estado":"Activo","visible":true}]
2026-03-13 00:19:25 | HTTP REQUEST -> GET https://harorepositoty2-590358146556.europe-west1.run.app/api/clases-practicas
2026-03-13 00:19:25 | Headers: {'Accept': 'application/json', 'Content-Type': 'application/json', 'Authorization': '***REDACTED***'}
2026-03-13 00:19:25 | HTTP RESPONSE <- 200 GET https://harorepositoty2-590358146556.europe-west1.run.app/api/clases-practicas
2026-03-13 00:19:25 | Content-Type: application/json;charset=UTF-8
2026-03-13 00:19:25 | Body: [{"id":1,"id_estudiante":1,"id_profesor":1,"placa_vehiculo":"ABC123","fecha":"2026-03-10","horaInicio":"10:00","horaFin":"12:00","estado":"Programada","estadoClase":null},{"id":2,"id_estudiante":1,"id_profesor":1,"placa_vehiculo":"ABC123","fecha":"2026-03-12","horaInicio":"08:00","horaFin":"10:00","estado":"Programada","estadoClase":null}]
2026-03-13 00:19:25 | HTTP REQUEST -> GET https://harorepositoty2-590358146556.europe-west1.run.app/api/estados-cuenta
2026-03-13 00:19:25 | Headers: {'Accept': 'application/json', 'Content-Type': 'application/json', 'Authorization': '***REDACTED***'}
2026-03-13 00:19:26 | HTTP RESPONSE <- 200 GET https://harorepositoty2-590358146556.europe-west1.run.app/api/estados-cuenta
2026-03-13 00:19:26 | Content-Type: application/json;charset=UTF-8
2026-03-13 00:19:26 | Body: [{"id":1,"idEstudiante":1,"montoTotal":920.00,"montoPagado":920.00,"multas":0.00,"estado":"Pagado"}]
2026-03-13 00:19:51 | HTTP REQUEST -> GET https://harorepositoty2-590358146556.europe-west1.run.app/api/profesores
2026-03-13 00:19:51 | Headers: {'Accept': 'application/json', 'Content-Type': 'application/json', 'Authorization': '***REDACTED***'}
2026-03-13 00:19:52 | HTTP RESPONSE <- 200 GET https://harorepositoty2-590358146556.europe-west1.run.app/api/profesores
2026-03-13 00:19:52 | Content-Type: application/json;charset=UTF-8
2026-03-13 00:19:52 | Body: [{"id":1,"cedula":"79845612","nombre":"Carlos","apellido":"Perez","correo":"carlos.perez@ceaharo.com","especialidad":"moto","categoria":"moto","telefono":"3119876543","email":"nicolasmachado19292@gmail.com","usuario":"carlos.perez","visible":true}]
2026-03-13 00:20:01 | HTTP REQUEST -> GET https://harorepositoty2-590358146556.europe-west1.run.app/api/vehiculos
2026-03-13 00:20:01 | Headers: {'Accept': 'application/json', 'Content-Type': 'application/json', 'Authorization': '***REDACTED***'}
2026-03-13 00:20:02 | HTTP RESPONSE <- 200 GET https://harorepositoty2-590358146556.europe-west1.run.app/api/vehiculos
2026-03-13 00:20:02 | Content-Type: application/json;charset=UTF-8
2026-03-13 00:20:02 | Body: [{"placa":"ABC123","marca":"Chevrolet","modelo":"Onix","anio":2024,"sede":null,"estado":"Activo","visible":true}]
2026-03-13 00:20:05 | HTTP REQUEST -> GET https://harorepositoty2-590358146556.europe-west1.run.app/api/estudiantes
2026-03-13 00:20:05 | Headers: {'Accept': 'application/json', 'Content-Type': 'application/json', 'Authorization': '***REDACTED***'}
2026-03-13 00:20:06 | HTTP RESPONSE <- 200 GET https://harorepositoty2-590358146556.europe-west1.run.app/api/estudiantes
2026-03-13 00:20:06 | Content-Type: application/json;charset=UTF-8
2026-03-13 00:20:06 | Body: [{"id":1,"nombre":"Laura Angelica","apellido":"Gomez","tipoEstudiante":"prospecto","tipoDocumento":"CC","numeroDocumento":"1032456789","categoria":"A2","sede":"1 de mayo","horas":32,"tipoPase":"moto","aproboExamenTeorico":false,"telefono":"3001234567","email":"danielapinher@gmail.com","direccion":"Calle 10 #20-30","fotoPerfil":null,"estado":"Pendiente","visible":true,"usuario":"1032456789","fechaCreacion":null},{"id":2,"nombre":"Juan","apellido":"Prueba","tipoEstudiante":"matriculado","tipoDocumento":"CC","numeroDocumento":"991773016278","categoria":"A2","sede":"Kennedy","horas":0,"tipoPase":"moto","aproboExamenTeorico":false,"telefono":"3202114876","email":"qa.estudiante.1773016278@ceaharo.com","direccion":"Bogota","fotoPerfil":null,"estado":"Activo","visible":true,"usuario":"qa_est_1773016278","fechaCreacion":"2026-03-08"},{"id":3,"nombre":"nicolas","apellido":"ortiz","tipoEstudiante":"activo","tipoDocumento":"CC","numeroDocumento":"1022658956","categoria":"B1","sede":"el eden","horas":0,"tipoPase":"carro","aproboExamenTeorico":false,"telefono":"3156548956","email":"nicolasmachado422@gmail.com","direccion":"carrera 1","fotoPerfil":null,"estado":"Activo","visible":true,"usuario":"1022658956","fechaCreacion":"2026-03-08"}]
2026-03-13 00:20:06 | HTTP REQUEST -> GET https://harorepositoty2-590358146556.europe-west1.run.app/api/profesores
2026-03-13 00:20:06 | Headers: {'Accept': 'application/json', 'Content-Type': 'application/json', 'Authorization': '***REDACTED***'}
2026-03-13 00:20:07 | HTTP RESPONSE <- 200 GET https://harorepositoty2-590358146556.europe-west1.run.app/api/profesores
2026-03-13 00:20:07 | Content-Type: application/json;charset=UTF-8
2026-03-13 00:20:07 | Body: [{"id":1,"cedula":"79845612","nombre":"Carlos","apellido":"Perez","correo":"carlos.perez@ceaharo.com","especialidad":"moto","categoria":"moto","telefono":"3119876543","email":"nicolasmachado19292@gmail.com","usuario":"carlos.perez","visible":true}]
2026-03-13 00:20:07 | HTTP REQUEST -> GET https://harorepositoty2-590358146556.europe-west1.run.app/api/vehiculos
2026-03-13 00:20:07 | Headers: {'Accept': 'application/json', 'Content-Type': 'application/json', 'Authorization': '***REDACTED***'}
2026-03-13 00:20:08 | HTTP RESPONSE <- 200 GET https://harorepositoty2-590358146556.europe-west1.run.app/api/vehiculos
2026-03-13 00:20:08 | Content-Type: application/json;charset=UTF-8
2026-03-13 00:20:08 | Body: [{"placa":"ABC123","marca":"Chevrolet","modelo":"Onix","anio":2024,"sede":null,"estado":"Activo","visible":true}]
2026-03-13 00:20:08 | HTTP REQUEST -> GET https://harorepositoty2-590358146556.europe-west1.run.app/api/clases-practicas
2026-03-13 00:20:08 | Headers: {'Accept': 'application/json', 'Content-Type': 'application/json', 'Authorization': '***REDACTED***'}
2026-03-13 00:20:08 | HTTP RESPONSE <- 200 GET https://harorepositoty2-590358146556.europe-west1.run.app/api/clases-practicas
2026-03-13 00:20:08 | Content-Type: application/json;charset=UTF-8
2026-03-13 00:20:08 | Body: [{"id":1,"id_estudiante":1,"id_profesor":1,"placa_vehiculo":"ABC123","fecha":"2026-03-10","horaInicio":"10:00","horaFin":"12:00","estado":"Programada","estadoClase":null},{"id":2,"id_estudiante":1,"id_profesor":1,"placa_vehiculo":"ABC123","fecha":"2026-03-12","horaInicio":"08:00","horaFin":"10:00","estado":"Programada","estadoClase":null}]
2026-03-13 00:20:10 | HTTP REQUEST -> GET https://harorepositoty2-590358146556.europe-west1.run.app/api/estados-cuenta
2026-03-13 00:20:10 | Headers: {'Accept': 'application/json', 'Content-Type': 'application/json', 'Authorization': '***REDACTED***'}
2026-03-13 00:20:12 | HTTP RESPONSE <- 200 GET https://harorepositoty2-590358146556.europe-west1.run.app/api/estados-cuenta
2026-03-13 00:20:12 | Content-Type: application/json;charset=UTF-8
2026-03-13 00:20:12 | Body: [{"id":1,"idEstudiante":1,"montoTotal":920.00,"montoPagado":920.00,"multas":0.00,"estado":"Pagado"}]
2026-03-15 20:17:26 | HTTP REQUEST -> GET https://harorepositoty2-590358146556.europe-west1.run.app/api/estudiantes
2026-03-15 20:17:26 | Headers: {'Accept': 'application/json', 'Content-Type': 'application/json', 'Authorization': '***REDACTED***'}
2026-03-15 20:17:26 | HTTP REQUEST -> GET https://harorepositoty2-590358146556.europe-west1.run.app/api/profesores
2026-03-15 20:17:26 | Headers: {'Accept': 'application/json', 'Content-Type': 'application/json', 'Authorization': '***REDACTED***'}
2026-03-15 20:17:27 | HTTP RESPONSE <- 200 GET https://harorepositoty2-590358146556.europe-west1.run.app/api/profesores
2026-03-15 20:17:27 | Content-Type: application/json;charset=UTF-8
2026-03-15 20:17:27 | HTTP RESPONSE <- 200 GET https://harorepositoty2-590358146556.europe-west1.run.app/api/estudiantes
2026-03-15 20:17:27 | Body: [{"id":1,"cedula":"79845612","nombre":"Carlos","apellido":"Perez","correo":"carlos.perez@ceaharo.com","especialidad":"moto","categoria":"moto","telefono":"3119876543","email":"nicolasmachado19292@gmail.com","usuario":"carlos.perez","visible":true}]
2026-03-15 20:17:27 | HTTP REQUEST -> GET https://harorepositoty2-590358146556.europe-west1.run.app/api/vehiculos
2026-03-15 20:17:27 | Body: [{"id":1,"nombre":"Laura Angelica","apellido":"Gomez","tipoEstudiante":"prospecto","tipoDocumento":"CC","numeroDocumento":"1032456789","categoria":"A2","sede":"1 de mayo","horas":32,"tipoPase":"moto","aproboExamenTeorico":false,"telefono":"3001234567","email":"danielapinher@gmail.com","direccion":"Calle 10 #20-30","fotoPerfil":null,"estado":"Pendiente","visible":true,"usuario":"1032456789","fechaCreacion":null},{"id":2,"nombre":"Juan","apellido":"Prueba","tipoEstudiante":"matriculado","tipoDocumento":"CC","numeroDocumento":"991773016278","categoria":"A2","sede":"Kennedy","horas":0,"tipoPase":"moto","aproboExamenTeorico":false,"telefono":"3202114876","email":"qa.estudiante.1773016278@ceaharo.com","direccion":"Bogota","fotoPerfil":null,"estado":"Activo","visible":true,"usuario":"qa_est_1773016278","fechaCreacion":"2026-03-08"},{"id":3,"nombre":"nicolas","apellido":"ortiz","tipoEstudiante":"activo","tipoDocumento":"CC","numeroDocumento":"1022658956","categoria":"B1","sede":"el eden","horas":0,"tipoPase":"carro","aproboExamenTeorico":false,"telefono":"3156548956","email":"nicolasmachado422@gmail.com","direccion":"carrera 1","fotoPerfil":null,"estado":"Activo","visible":true,"usuario":"1022658956","fechaCreacion":"2026-03-08"},{"id":4,"nombre":"Juan","apellido":"Perez","tipoEstudiante":"matriculado","tipoDocumento":"CC","numeroDocumento":"12345678","categoria":"A2","sede":null,"horas":0,"tipoPase":"moto","aproboExamenTeorico":false,"telefono":"573173106326","email":"pinherdani@gmail.com","direccion":null,"fotoPerfil":null,"estado":"Activo","visible":true,"usuario":"pinherdani","fechaCreacion":"2026-03-15"}]
2026-03-15 20:17:27 | Headers: {'Accept': 'application/json', 'Content-Type': 'application/json', 'Authorization': '***REDACTED***'}
2026-03-15 20:17:28 | HTTP RESPONSE <- 200 GET https://harorepositoty2-590358146556.europe-west1.run.app/api/vehiculos
2026-03-15 20:17:28 | Content-Type: application/json;charset=UTF-8
2026-03-15 20:17:28 | Body: [{"placa":"ABC123","marca":"Chevrolet","modelo":"Onix","anio":2024,"sede":null,"estado":"Activo","visible":true}]
2026-03-15 20:17:28 | HTTP REQUEST -> GET https://harorepositoty2-590358146556.europe-west1.run.app/api/clases-practicas
2026-03-15 20:17:28 | Headers: {'Accept': 'application/json', 'Content-Type': 'application/json', 'Authorization': '***REDACTED***'}
2026-03-15 20:17:29 | HTTP RESPONSE <- 200 GET https://harorepositoty2-590358146556.europe-west1.run.app/api/clases-practicas
2026-03-15 20:17:29 | Content-Type: application/json;charset=UTF-8
2026-03-15 20:17:29 | Body: [{"id":1,"id_estudiante":1,"id_profesor":1,"placa_vehiculo":"ABC123","fecha":"2026-03-10","horaInicio":"10:00","horaFin":"12:00","estado":"Programada","estadoClase":null},{"id":2,"id_estudiante":1,"id_profesor":1,"placa_vehiculo":"ABC123","fecha":"2026-03-12","horaInicio":"08:00","horaFin":"10:00","estado":"Programada","estadoClase":null}]
2026-03-15 20:17:29 | HTTP REQUEST -> GET https://harorepositoty2-590358146556.europe-west1.run.app/api/estados-cuenta
2026-03-15 20:17:29 | Headers: {'Accept': 'application/json', 'Content-Type': 'application/json', 'Authorization': '***REDACTED***'}
2026-03-15 20:17:30 | HTTP RESPONSE <- 200 GET https://harorepositoty2-590358146556.europe-west1.run.app/api/estados-cuenta
2026-03-15 20:17:30 | Content-Type: application/json;charset=UTF-8
2026-03-15 20:17:30 | Body: [{"id":1,"idEstudiante":1,"montoTotal":920.00,"montoPagado":920.00,"multas":0.00,"estado":"Pagado"},{"id":2,"idEstudiante":4,"montoTotal":5000.00,"montoPagado":5000.00,"multas":0.00,"estado":"Pagado"}]
2026-03-15 20:17:54 | HTTP REQUEST -> GET https://harorepositoty2-590358146556.europe-west1.run.app/api/profesores
2026-03-15 20:17:54 | Headers: {'Accept': 'application/json', 'Content-Type': 'application/json', 'Authorization': '***REDACTED***'}
2026-03-15 20:17:55 | HTTP RESPONSE <- 200 GET https://harorepositoty2-590358146556.europe-west1.run.app/api/profesores
2026-03-15 20:17:55 | Content-Type: application/json;charset=UTF-8
2026-03-15 20:17:55 | Body: [{"id":1,"cedula":"79845612","nombre":"Carlos","apellido":"Perez","correo":"carlos.perez@ceaharo.com","especialidad":"moto","categoria":"moto","telefono":"3119876543","email":"nicolasmachado19292@gmail.com","usuario":"carlos.perez","visible":true}]
2026-03-18 11:55:28 | HTTP REQUEST -> GET https://harorepositoty2-590358146556.europe-west1.run.app/api/estudiantes
2026-03-18 11:55:28 | Headers: {'Accept': 'application/json', 'Content-Type': 'application/json', 'Authorization': '***REDACTED***'}
2026-03-18 11:55:28 | HTTP REQUEST -> GET https://harorepositoty2-590358146556.europe-west1.run.app/api/profesores
2026-03-18 11:55:28 | Headers: {'Accept': 'application/json', 'Content-Type': 'application/json', 'Authorization': '***REDACTED***'}
2026-03-18 11:55:29 | HTTP RESPONSE <- 200 GET https://harorepositoty2-590358146556.europe-west1.run.app/api/profesores
2026-03-18 11:55:29 | Content-Type: application/json;charset=UTF-8
2026-03-18 11:55:29 | HTTP RESPONSE <- 200 GET https://harorepositoty2-590358146556.europe-west1.run.app/api/estudiantes
2026-03-18 11:55:29 | Body: [{"id":1,"cedula":"79845612","nombre":"Carlos","apellido":"Perez","correo":"carlos.perez@ceaharo.com","especialidad":"moto","categoria":"moto","telefono":"3119876543","email":"nicolasmachado19292@gmail.com","usuario":"carlos.perez","visible":true}]
2026-03-18 11:55:29 | Content-Type: application/json;charset=UTF-8
2026-03-18 11:55:29 | HTTP REQUEST -> GET https://harorepositoty2-590358146556.europe-west1.run.app/api/vehiculos
2026-03-18 11:55:29 | Body: [{"id":1,"nombre":"Laura Angelica","apellido":"Gomez","tipoEstudiante":"prospecto","tipoDocumento":"CC","numeroDocumento":"1032456789","categoria":"A2","sede":"1 de mayo","horas":32,"tipoPase":"moto","aproboExamenTeorico":false,"telefono":"3001234567","email":"danielapinher@gmail.com","direccion":"Calle 10 #20-30","fotoPerfil":null,"estado":"Pendiente","visible":true,"usuario":"1032456789","fechaCreacion":null},{"id":2,"nombre":"Juan","apellido":"Prueba","tipoEstudiante":"matriculado","tipoDocumento":"CC","numeroDocumento":"991773016278","categoria":"A2","sede":"Kennedy","horas":0,"tipoPase":"moto","aproboExamenTeorico":false,"telefono":"3202114876","email":"qa.estudiante.1773016278@ceaharo.com","direccion":"Bogota","fotoPerfil":null,"estado":"Activo","visible":true,"usuario":"qa_est_1773016278","fechaCreacion":"2026-03-08"},{"id":3,"nombre":"nicolas","apellido":"ortiz","tipoEstudiante":"activo","tipoDocumento":"CC","numeroDocumento":"1022658956","categoria":"B1","sede":"el eden","horas":0,"tipoPase":"carro","aproboExamenTeorico":false,"telefono":"3156548956","email":"nicolasmachado422@gmail.com","direccion":"carrera 1","fotoPerfil":null,"estado":"Activo","visible":true,"usuario":"1022658956","fechaCreacion":"2026-03-08"},{"id":4,"nombre":"Juan","apellido":"Perez","tipoEstudiante":"matriculado","tipoDocumento":"CC","numeroDocumento":"12345678","categoria":"A2","sede":null,"horas":0,"tipoPase":"moto","aproboExamenTeorico":false,"telefono":"573173106326","email":"pinherdani@gmail.com","direccion":null,"fotoPerfil":null,"estado":"Activo","visible":true,"usuario":"pinherdani","fechaCreacion":"2026-03-15"}]
2026-03-18 11:55:29 | Headers: {'Accept': 'application/json', 'Content-Type': 'application/json', 'Authorization': '***REDACTED***'}
2026-03-18 11:55:30 | HTTP RESPONSE <- 200 GET https://harorepositoty2-590358146556.europe-west1.run.app/api/vehiculos
2026-03-18 11:55:30 | Content-Type: application/json;charset=UTF-8
2026-03-18 11:55:30 | Body: [{"placa":"ABC123","marca":"Chevrolet","modelo":"Onix","anio":2024,"sede":null,"estado":"Activo","visible":true}]
2026-03-18 11:55:30 | HTTP REQUEST -> GET https://harorepositoty2-590358146556.europe-west1.run.app/api/clases-practicas
2026-03-18 11:55:30 | Headers: {'Accept': 'application/json', 'Content-Type': 'application/json', 'Authorization': '***REDACTED***'}
2026-03-18 11:55:31 | HTTP RESPONSE <- 200 GET https://harorepositoty2-590358146556.europe-west1.run.app/api/clases-practicas
2026-03-18 11:55:31 | Content-Type: application/json;charset=UTF-8
2026-03-18 11:55:31 | Body: [{"id":1,"id_estudiante":1,"id_profesor":1,"placa_vehiculo":"ABC123","fecha":"2026-03-10","horaInicio":"10:00","horaFin":"12:00","estado":"Programada","estadoClase":null},{"id":2,"id_estudiante":1,"id_profesor":1,"placa_vehiculo":"ABC123","fecha":"2026-03-12","horaInicio":"08:00","horaFin":"10:00","estado":"Programada","estadoClase":null}]
2026-03-18 11:55:31 | HTTP REQUEST -> GET https://harorepositoty2-590358146556.europe-west1.run.app/api/estados-cuenta
2026-03-18 11:55:31 | Headers: {'Accept': 'application/json', 'Content-Type': 'application/json', 'Authorization': '***REDACTED***'}
2026-03-18 11:55:32 | HTTP RESPONSE <- 200 GET https://harorepositoty2-590358146556.europe-west1.run.app/api/estados-cuenta
2026-03-18 11:55:32 | Content-Type: application/json;charset=UTF-8
2026-03-18 11:55:32 | Body: [{"id":1,"idEstudiante":1,"montoTotal":920.00,"montoPagado":920.00,"multas":0.00,"estado":"Pagado"},{"id":2,"idEstudiante":4,"montoTotal":5000.00,"montoPagado":5000.00,"multas":0.00,"estado":"Pagado"}]
2026-03-18 11:55:38 | HTTP REQUEST -> GET https://harorepositoty2-590358146556.europe-west1.run.app/api/estudiantes
2026-03-18 11:55:38 | Headers: {'Accept': 'application/json', 'Content-Type': 'application/json', 'Authorization': '***REDACTED***'}
2026-03-18 11:55:39 | HTTP RESPONSE <- 200 GET https://harorepositoty2-590358146556.europe-west1.run.app/api/estudiantes
2026-03-18 11:55:39 | Content-Type: application/json;charset=UTF-8
2026-03-18 11:55:39 | Body: [{"id":1,"nombre":"Laura Angelica","apellido":"Gomez","tipoEstudiante":"prospecto","tipoDocumento":"CC","numeroDocumento":"1032456789","categoria":"A2","sede":"1 de mayo","horas":32,"tipoPase":"moto","aproboExamenTeorico":false,"telefono":"3001234567","email":"danielapinher@gmail.com","direccion":"Calle 10 #20-30","fotoPerfil":null,"estado":"Pendiente","visible":true,"usuario":"1032456789","fechaCreacion":null},{"id":2,"nombre":"Juan","apellido":"Prueba","tipoEstudiante":"matriculado","tipoDocumento":"CC","numeroDocumento":"991773016278","categoria":"A2","sede":"Kennedy","horas":0,"tipoPase":"moto","aproboExamenTeorico":false,"telefono":"3202114876","email":"qa.estudiante.1773016278@ceaharo.com","direccion":"Bogota","fotoPerfil":null,"estado":"Activo","visible":true,"usuario":"qa_est_1773016278","fechaCreacion":"2026-03-08"},{"id":3,"nombre":"nicolas","apellido":"ortiz","tipoEstudiante":"activo","tipoDocumento":"CC","numeroDocumento":"1022658956","categoria":"B1","sede":"el eden","horas":0,"tipoPase":"carro","aproboExamenTeorico":false,"telefono":"3156548956","email":"nicolasmachado422@gmail.com","direccion":"carrera 1","fotoPerfil":null,"estado":"Activo","visible":true,"usuario":"1022658956","fechaCreacion":"2026-03-08"},{"id":4,"nombre":"Juan","apellido":"Perez","tipoEstudiante":"matriculado","tipoDocumento":"CC","numeroDocumento":"12345678","categoria":"A2","sede":null,"horas":0,"tipoPase":"moto","aproboExamenTeorico":false,"telefono":"573173106326","email":"pinherdani@gmail.com","direccion":null,"fotoPerfil":null,"estado":"Activo","visible":true,"usuario":"pinherdani","fechaCreacion":"2026-03-15"}]
2026-03-18 11:55:39 | HTTP REQUEST -> GET https://harorepositoty2-590358146556.europe-west1.run.app/api/profesores
2026-03-18 11:55:39 | Headers: {'Accept': 'application/json', 'Content-Type': 'application/json', 'Authorization': '***REDACTED***'}
2026-03-18 11:55:40 | HTTP RESPONSE <- 200 GET https://harorepositoty2-590358146556.europe-west1.run.app/api/profesores
2026-03-18 11:55:40 | Content-Type: application/json;charset=UTF-8
2026-03-18 11:55:40 | Body: [{"id":1,"cedula":"79845612","nombre":"Carlos","apellido":"Perez","correo":"carlos.perez@ceaharo.com","especialidad":"moto","categoria":"moto","telefono":"3119876543","email":"nicolasmachado19292@gmail.com","usuario":"carlos.perez","visible":true}]
2026-03-18 11:55:40 | HTTP REQUEST -> GET https://harorepositoty2-590358146556.europe-west1.run.app/api/vehiculos
2026-03-18 11:55:40 | Headers: {'Accept': 'application/json', 'Content-Type': 'application/json', 'Authorization': '***REDACTED***'}
2026-03-18 11:55:41 | HTTP RESPONSE <- 200 GET https://harorepositoty2-590358146556.europe-west1.run.app/api/vehiculos
2026-03-18 11:55:41 | Content-Type: application/json;charset=UTF-8
2026-03-18 11:55:41 | Body: [{"placa":"ABC123","marca":"Chevrolet","modelo":"Onix","anio":2024,"sede":null,"estado":"Activo","visible":true}]
2026-03-18 11:55:41 | HTTP REQUEST -> GET https://harorepositoty2-590358146556.europe-west1.run.app/api/clases-practicas
2026-03-18 11:55:41 | Headers: {'Accept': 'application/json', 'Content-Type': 'application/json', 'Authorization': '***REDACTED***'}
2026-03-18 11:55:42 | HTTP RESPONSE <- 200 GET https://harorepositoty2-590358146556.europe-west1.run.app/api/clases-practicas
2026-03-18 11:55:42 | Content-Type: application/json;charset=UTF-8
2026-03-18 11:55:42 | Body: [{"id":1,"id_estudiante":1,"id_profesor":1,"placa_vehiculo":"ABC123","fecha":"2026-03-10","horaInicio":"10:00","horaFin":"12:00","estado":"Programada","estadoClase":null},{"id":2,"id_estudiante":1,"id_profesor":1,"placa_vehiculo":"ABC123","fecha":"2026-03-12","horaInicio":"08:00","horaFin":"10:00","estado":"Programada","estadoClase":null}]
2026-03-18 11:55:42 | HTTP REQUEST -> GET https://harorepositoty2-590358146556.europe-west1.run.app/api/estados-cuenta
2026-03-18 11:55:42 | Headers: {'Accept': 'application/json', 'Content-Type': 'application/json', 'Authorization': '***REDACTED***'}
2026-03-18 11:55:43 | HTTP RESPONSE <- 200 GET https://harorepositoty2-590358146556.europe-west1.run.app/api/estados-cuenta
2026-03-18 11:55:43 | Content-Type: application/json;charset=UTF-8
2026-03-18 11:55:43 | Body: [{"id":1,"idEstudiante":1,"montoTotal":920.00,"montoPagado":920.00,"multas":0.00,"estado":"Pagado"},{"id":2,"idEstudiante":4,"montoTotal":5000.00,"montoPagado":5000.00,"multas":0.00,"estado":"Pagado"}]
2026-03-18 11:55:43 | HTTP REQUEST -> GET https://harorepositoty2-590358146556.europe-west1.run.app/api/estudiantes
2026-03-18 11:55:43 | Headers: {'Accept': 'application/json', 'Content-Type': 'application/json', 'Authorization': '***REDACTED***'}
2026-03-18 11:55:43 | HTTP RESPONSE <- 200 GET https://harorepositoty2-590358146556.europe-west1.run.app/api/estudiantes
2026-03-18 11:55:43 | Content-Type: application/json;charset=UTF-8
2026-03-18 11:55:43 | Body: [{"id":1,"nombre":"Laura Angelica","apellido":"Gomez","tipoEstudiante":"prospecto","tipoDocumento":"CC","numeroDocumento":"1032456789","categoria":"A2","sede":"1 de mayo","horas":32,"tipoPase":"moto","aproboExamenTeorico":false,"telefono":"3001234567","email":"danielapinher@gmail.com","direccion":"Calle 10 #20-30","fotoPerfil":null,"estado":"Pendiente","visible":true,"usuario":"1032456789","fechaCreacion":null},{"id":2,"nombre":"Juan","apellido":"Prueba","tipoEstudiante":"matriculado","tipoDocumento":"CC","numeroDocumento":"991773016278","categoria":"A2","sede":"Kennedy","horas":0,"tipoPase":"moto","aproboExamenTeorico":false,"telefono":"3202114876","email":"qa.estudiante.1773016278@ceaharo.com","direccion":"Bogota","fotoPerfil":null,"estado":"Activo","visible":true,"usuario":"qa_est_1773016278","fechaCreacion":"2026-03-08"},{"id":3,"nombre":"nicolas","apellido":"ortiz","tipoEstudiante":"activo","tipoDocumento":"CC","numeroDocumento":"1022658956","categoria":"B1","sede":"el eden","horas":0,"tipoPase":"carro","aproboExamenTeorico":false,"telefono":"3156548956","email":"nicolasmachado422@gmail.com","direccion":"carrera 1","fotoPerfil":null,"estado":"Activo","visible":true,"usuario":"1022658956","fechaCreacion":"2026-03-08"},{"id":4,"nombre":"Juan","apellido":"Perez","tipoEstudiante":"matriculado","tipoDocumento":"CC","numeroDocumento":"12345678","categoria":"A2","sede":null,"horas":0,"tipoPase":"moto","aproboExamenTeorico":false,"telefono":"573173106326","email":"pinherdani@gmail.com","direccion":null,"fotoPerfil":null,"estado":"Activo","visible":true,"usuario":"pinherdani","fechaCreacion":"2026-03-15"}]
2026-03-18 17:45:53 | HTTP REQUEST -> GET https://harorepositoty2-590358146556.europe-west1.run.app/api/estudiantes
2026-03-18 17:45:53 | Headers: {'Accept': 'application/json', 'Content-Type': 'application/json', 'Authorization': '***REDACTED***'}
2026-03-18 17:45:53 | HTTP REQUEST -> GET https://harorepositoty2-590358146556.europe-west1.run.app/api/profesores
2026-03-18 17:45:53 | Headers: {'Accept': 'application/json', 'Content-Type': 'application/json', 'Authorization': '***REDACTED***'}
2026-03-18 17:45:54 | HTTP RESPONSE <- 200 GET https://harorepositoty2-590358146556.europe-west1.run.app/api/estudiantes
2026-03-18 17:45:54 | Content-Type: application/json;charset=UTF-8
2026-03-18 17:45:54 | Body: [{"id":1,"nombre":"Laura Angelica","apellido":"Gomez","tipoEstudiante":"prospecto","tipoDocumento":"CC","numeroDocumento":"1032456789","categoria":"A2","sede":"1 de mayo","horas":32,"tipoPase":"moto","aproboExamenTeorico":false,"telefono":"3001234567","email":"danielapinher@gmail.com","direccion":"Calle 10 #20-30","fotoPerfil":null,"estado":"Pendiente","visible":true,"usuario":"1032456789","fechaCreacion":null},{"id":2,"nombre":"Juan","apellido":"Prueba","tipoEstudiante":"matriculado","tipoDocumento":"CC","numeroDocumento":"991773016278","categoria":"A2","sede":"Kennedy","horas":0,"tipoPase":"moto","aproboExamenTeorico":false,"telefono":"3202114876","email":"qa.estudiante.1773016278@ceaharo.com","direccion":"Bogota","fotoPerfil":null,"estado":"Activo","visible":true,"usuario":"qa_est_1773016278","fechaCreacion":"2026-03-08"},{"id":3,"nombre":"nicolas","apellido":"ortiz","tipoEstudiante":"activo","tipoDocumento":"CC","numeroDocumento":"1022658956","categoria":"B1","sede":"el eden","horas":0,"tipoPase":"carro","aproboExamenTeorico":false,"telefono":"3156548956","email":"nicolasmachado422@gmail.com","direccion":"carrera 1","fotoPerfil":null,"estado":"Activo","visible":true,"usuario":"1022658956","fechaCreacion":"2026-03-08"},{"id":4,"nombre":"Juan","apellido":"Perez","tipoEstudiante":"matriculado","tipoDocumento":"CC","numeroDocumento":"12345678","categoria":"A2","sede":null,"horas":0,"tipoPase":"moto","aproboExamenTeorico":false,"telefono":"573173106326","email":"pinherdani@gmail.com","direccion":null,"fotoPerfil":null,"estado":"Activo","visible":true,"usuario":"pinherdani","fechaCreacion":"2026-03-15"},{"id":5,"nombre":"Jhon","apellido":"Duran","tipoEstudiante":"matriculado","tipoDocumento":"CC","numeroDocumento":"1122334455","categoria":"A2","sede":null,"horas":0,"tipoP... [truncado 232 chars]
2026-03-18 17:45:54 | HTTP RESPONSE <- 200 GET https://harorepositoty2-590358146556.europe-west1.run.app/api/profesores
2026-03-18 17:45:54 | Content-Type: application/json;charset=UTF-8
2026-03-18 17:45:54 | Body: [{"id":1,"cedula":"79845612","nombre":"Carlos","apellido":"Perez","correo":"carlos.perez@ceaharo.com","especialidad":"moto","categoria":"moto","telefono":"3119876543","email":"nicolasmachado19292@gmail.com","usuario":"carlos.perez","visible":true}]
2026-03-18 17:45:54 | HTTP REQUEST -> GET https://harorepositoty2-590358146556.europe-west1.run.app/api/vehiculos
2026-03-18 17:45:54 | Headers: {'Accept': 'application/json', 'Content-Type': 'application/json', 'Authorization': '***REDACTED***'}
2026-03-18 17:45:55 | HTTP RESPONSE <- 200 GET https://harorepositoty2-590358146556.europe-west1.run.app/api/vehiculos
2026-03-18 17:45:55 | Content-Type: application/json;charset=UTF-8
2026-03-18 17:45:55 | Body: [{"placa":"ABC123","marca":"Chevrolet","modelo":"Onix","anio":2024,"sede":null,"estado":"Activo","visible":true}]
2026-03-18 17:45:55 | HTTP REQUEST -> GET https://harorepositoty2-590358146556.europe-west1.run.app/api/clases-practicas
2026-03-18 17:45:55 | Headers: {'Accept': 'application/json', 'Content-Type': 'application/json', 'Authorization': '***REDACTED***'}
2026-03-18 17:45:56 | HTTP RESPONSE <- 200 GET https://harorepositoty2-590358146556.europe-west1.run.app/api/clases-practicas
2026-03-18 17:45:56 | Content-Type: application/json;charset=UTF-8
2026-03-18 17:45:56 | Body: [{"id":1,"id_estudiante":1,"id_profesor":1,"placa_vehiculo":"ABC123","fecha":"2026-03-10","horaInicio":"10:00","horaFin":"12:00","estado":"Programada","estadoClase":null},{"id":2,"id_estudiante":1,"id_profesor":1,"placa_vehiculo":"ABC123","fecha":"2026-03-12","horaInicio":"08:00","horaFin":"10:00","estado":"Programada","estadoClase":null}]
2026-03-18 17:45:56 | HTTP REQUEST -> GET https://harorepositoty2-590358146556.europe-west1.run.app/api/estados-cuenta
2026-03-18 17:45:56 | Headers: {'Accept': 'application/json', 'Content-Type': 'application/json', 'Authorization': '***REDACTED***'}
2026-03-18 17:45:57 | HTTP RESPONSE <- 200 GET https://harorepositoty2-590358146556.europe-west1.run.app/api/estados-cuenta
2026-03-18 17:45:57 | Content-Type: application/json;charset=UTF-8
2026-03-18 17:45:57 | Body: [{"id":1,"idEstudiante":1,"montoTotal":920.00,"montoPagado":920.00,"multas":0.00,"estado":"Pagado"},{"id":2,"idEstudiante":4,"montoTotal":5000.00,"montoPagado":5000.00,"multas":0.00,"estado":"Pagado"},{"id":3,"idEstudiante":5,"montoTotal":5000.00,"montoPagado":5000.00,"multas":0.00,"estado":"Pagado"}]
2026-03-24 16:54:31 | HTTP REQUEST -> GET https://harorepositoty2-590358146556.europe-west1.run.app/api/profesores
2026-03-24 16:54:31 | Headers: {'Accept': 'application/json', 'Content-Type': 'application/json', 'Authorization': '***REDACTED***'}
2026-03-24 16:54:32 | HTTP RESPONSE <- 200 GET https://harorepositoty2-590358146556.europe-west1.run.app/api/profesores
2026-03-24 16:54:32 | Content-Type: application/json;charset=UTF-8
2026-03-24 16:54:32 | Body: [{"id":1,"cedula":"79845612","nombre":"Carlos","apellido":"Perez","correo":"carlos.perez@ceaharo.com","especialidad":"moto","categoria":"moto","telefono":"3119876543","email":"nicolasmachado19292@gmail.com","usuario":"carlos.perez","visible":true}]
2026-03-24 16:54:32 | HTTP REQUEST -> GET https://harorepositoty2-590358146556.europe-west1.run.app/api/vehiculos
2026-03-24 16:54:32 | Headers: {'Accept': 'application/json', 'Content-Type': 'application/json', 'Authorization': '***REDACTED***'}
2026-03-24 16:54:33 | HTTP RESPONSE <- 200 GET https://harorepositoty2-590358146556.europe-west1.run.app/api/vehiculos
2026-03-24 16:54:33 | Content-Type: application/json;charset=UTF-8
2026-03-24 16:54:33 | Body: [{"placa":"ABC123","marca":"Chevrolet","modelo":"Onix","anio":2024,"sede":null,"estado":"Activo","visible":true}]
2026-03-24 16:54:33 | HTTP REQUEST -> GET https://harorepositoty2-590358146556.europe-west1.run.app/api/clases-practicas
2026-03-24 16:54:33 | Headers: {'Accept': 'application/json', 'Content-Type': 'application/json', 'Authorization': '***REDACTED***'}
2026-03-24 16:54:34 | HTTP RESPONSE <- 200 GET https://harorepositoty2-590358146556.europe-west1.run.app/api/clases-practicas
2026-03-24 16:54:34 | Content-Type: application/json;charset=UTF-8
2026-03-24 16:54:34 | Body: [{"id":3,"id_estudiante":6,"id_profesor":1,"placa_vehiculo":"ABC123","fecha":"2026-03-24","horaInicio":"08:00","horaFin":"10:00","estado":"Programada","estadoClase":"Pendiente"},{"id":4,"id_estudiante":6,"id_profesor":1,"placa_vehiculo":"ABC123","fecha":"2026-03-23","horaInicio":"16:00","horaFin":"18:00","estado":"Programada","estadoClase":"Pendiente"},{"id":5,"id_estudiante":6,"id_profesor":1,"placa_vehiculo":"ABC123","fecha":"2026-03-24","horaInicio":"18:00","horaFin":"20:00","estado":"Programada","estadoClase":"Pendiente"},{"id":6,"id_estudiante":6,"id_profesor":1,"placa_vehiculo":"ABC123","fecha":"2026-03-27","horaInicio":"06:00","horaFin":"08:00","estado":"Programada","estadoClase":"Pendiente"},{"id":7,"id_estudiante":7,"id_profesor":1,"placa_vehiculo":"ABC123","fecha":"2026-03-24","horaInicio":"06:00","horaFin":"08:00","estado":"Programada","estadoClase":"Pendiente"}]
2026-03-24 16:54:34 | HTTP REQUEST -> GET https://harorepositoty2-590358146556.europe-west1.run.app/api/estados-cuenta
2026-03-24 16:54:34 | Headers: {'Accept': 'application/json', 'Content-Type': 'application/json', 'Authorization': '***REDACTED***'}
2026-03-24 16:54:35 | HTTP RESPONSE <- 200 GET https://harorepositoty2-590358146556.europe-west1.run.app/api/estados-cuenta
2026-03-24 16:54:35 | Content-Type: application/json;charset=UTF-8
2026-03-24 16:54:35 | Body: [{"id":1,"idEstudiante":1,"montoTotal":920.00,"montoPagado":920.00,"multas":0.00,"estado":"Pagado"},{"id":2,"idEstudiante":4,"montoTotal":5000.00,"montoPagado":5000.00,"multas":0.00,"estado":"Pagado"},{"id":3,"idEstudiante":5,"montoTotal":5000.00,"montoPagado":5000.00,"multas":0.00,"estado":"Pagado"},{"id":4,"idEstudiante":6,"montoTotal":5000.00,"montoPagado":5000.00,"multas":0.00,"estado":"Pagado"},{"id":5,"idEstudiante":7,"montoTotal":5000.00,"montoPagado":5000.00,"multas":0.00,"estado":"Pagado"},{"id":6,"idEstudiante":8,"montoTotal":5000.00,"montoPagado":5000.00,"multas":0.00,"estado":"Pagado"},{"id":7,"idEstudiante":9,"montoTotal":5000.00,"montoPagado":5000.00,"multas":0.00,"estado":"Pagado"},{"id":8,"idEstudiante":10,"montoTotal":5000.00,"montoPagado":5000.00,"multas":0.00,"estado":"Pagado"},{"id":9,"idEstudiante":11,"montoTotal":5000.00,"montoPagado":5000.00,"multas":0.00,"estado":"Pagado"},{"id":10,"idEstudiante":12,"montoTotal":5000.00,"montoPagado":5000.00,"multas":0.00,"estado":"Pagado"},{"id":11,"idEstudiante":13,"montoTotal":5000.00,"montoPagado":5000.00,"multas":0.00,"estado":"Pagado"}]
2026-03-24 16:56:46 | HTTP REQUEST -> GET https://harorepositoty2-590358146556.europe-west1.run.app/api/estudiantes
2026-03-24 16:56:46 | Headers: {'Accept': 'application/json', 'Content-Type': 'application/json', 'Authorization': '***REDACTED***'}
2026-03-24 16:56:46 | HTTP REQUEST -> GET https://harorepositoty2-590358146556.europe-west1.run.app/api/profesores
2026-03-24 16:56:46 | Headers: {'Accept': 'application/json', 'Content-Type': 'application/json', 'Authorization': '***REDACTED***'}
2026-03-24 16:56:47 | HTTP RESPONSE <- 200 GET https://harorepositoty2-590358146556.europe-west1.run.app/api/profesores
2026-03-24 16:56:47 | Content-Type: application/json;charset=UTF-8
2026-03-24 16:56:47 | Body: [{"id":1,"cedula":"79845612","nombre":"Carlos","apellido":"Perez","correo":"carlos.perez@ceaharo.com","especialidad":"moto","categoria":"moto","telefono":"3119876543","email":"nicolasmachado19292@gmail.com","usuario":"carlos.perez","visible":true}]
2026-03-24 16:56:47 | HTTP REQUEST -> GET https://harorepositoty2-590358146556.europe-west1.run.app/api/vehiculos
2026-03-24 16:56:47 | Headers: {'Accept': 'application/json', 'Content-Type': 'application/json', 'Authorization': '***REDACTED***'}
2026-03-24 16:56:47 | HTTP RESPONSE <- 200 GET https://harorepositoty2-590358146556.europe-west1.run.app/api/estudiantes
2026-03-24 16:56:47 | Content-Type: application/json;charset=UTF-8
2026-03-24 16:56:47 | Body: [{"id":6,"nombre":"J","apellido":"Vargas","tipoEstudiante":"matriculado","tipoDocumento":"CC","numeroDocumento":"123456789","categoria":"A2","sede":"","horas":0,"tipoPase":"moto","aproboExamenTeorico":false,"telefono":"317318326","email":"pinherdani@gmail.com","direccion":"Carrera 69","fotoPerfil":null,"estado":"Activo","visible":true,"usuario":"pinherdani","fechaCreacion":"2026-03-21"},{"id":7,"nombre":"Jose","apellido":"alcaraz Dominguez","tipoEstudiante":"matriculado","tipoDocumento":"CC","numeroDocumento":"910191294","categoria":"A2","sede":"","horas":0,"tipoPase":"moto","aproboExamenTeorico":false,"telefono":"3122444567","email":"nicolasmachado422@gmail.com","direccion":"Carrera 69d #3-80","fotoPerfil":null,"estado":"Activo","visible":true,"usuario":"nicolasmachado422","fechaCreacion":"2026-03-21"},{"id":8,"nombre":"joan","apellido":"","tipoEstudiante":"matriculado","tipoDocumento":"CC","numeroDocumento":"1022328813","categoria":"A2","sede":"","horas":0,"tipoPase":"moto","aproboExamenTeorico":false,"telefono":"3103176326","email":"joan@gmail.com","direccion":"carrera 69#2","fotoPerfil":null,"estado":"Activo","visible":true,"usuario":"joan","fechaCreacion":"2026-03-21"},{"id":9,"nombre":"flora","apellido":"","tipoEstudiante":"matriculado","tipoDocumento":"CC","numeroDocumento":"41739396","categoria":"A2","sede":"","horas":0,"tipoPase":"moto","aproboExamenTeorico":false,"telefono":"3164837092","email":"flora.alvira57@gmail.com","direccion":"Carrera 69","fotoPerfil":null,"estado":"Activo","visible":true,"usuario":"flora.alvira57","fechaCreacion":"2026-03-21"},{"id":10,"nombre":"jose","apellido":"","tipoEstudiante":"matriculado","tipoDocumento":"CC","numeroDocumento":"1105780015","categoria":"A2","sede":"","horas":0,"tipoPase":"moto","aproboExamenTeorico":false,"telefo... [truncado 1309 chars]
2026-03-24 16:56:48 | HTTP RESPONSE <- 200 GET https://harorepositoty2-590358146556.europe-west1.run.app/api/vehiculos
2026-03-24 16:56:48 | Content-Type: application/json;charset=UTF-8
2026-03-24 16:56:48 | Body: [{"placa":"ABC123","marca":"Chevrolet","modelo":"Onix","anio":2024,"sede":null,"estado":"Activo","visible":true}]
2026-03-24 16:56:48 | HTTP REQUEST -> GET https://harorepositoty2-590358146556.europe-west1.run.app/api/clases-practicas
2026-03-24 16:56:48 | Headers: {'Accept': 'application/json', 'Content-Type': 'application/json', 'Authorization': '***REDACTED***'}
2026-03-24 16:56:49 | HTTP RESPONSE <- 200 GET https://harorepositoty2-590358146556.europe-west1.run.app/api/clases-practicas
2026-03-24 16:56:49 | Content-Type: application/json;charset=UTF-8
2026-03-24 16:56:49 | Body: [{"id":3,"id_estudiante":6,"id_profesor":1,"placa_vehiculo":"ABC123","fecha":"2026-03-24","horaInicio":"08:00","horaFin":"10:00","estado":"Programada","estadoClase":"Pendiente"},{"id":4,"id_estudiante":6,"id_profesor":1,"placa_vehiculo":"ABC123","fecha":"2026-03-23","horaInicio":"16:00","horaFin":"18:00","estado":"Programada","estadoClase":"Pendiente"},{"id":5,"id_estudiante":6,"id_profesor":1,"placa_vehiculo":"ABC123","fecha":"2026-03-24","horaInicio":"18:00","horaFin":"20:00","estado":"Programada","estadoClase":"Pendiente"},{"id":6,"id_estudiante":6,"id_profesor":1,"placa_vehiculo":"ABC123","fecha":"2026-03-27","horaInicio":"06:00","horaFin":"08:00","estado":"Programada","estadoClase":"Pendiente"},{"id":7,"id_estudiante":7,"id_profesor":1,"placa_vehiculo":"ABC123","fecha":"2026-03-24","horaInicio":"06:00","horaFin":"08:00","estado":"Programada","estadoClase":"Pendiente"}]
2026-03-24 16:56:49 | HTTP REQUEST -> GET https://harorepositoty2-590358146556.europe-west1.run.app/api/estados-cuenta
2026-03-24 16:56:49 | Headers: {'Accept': 'application/json', 'Content-Type': 'application/json', 'Authorization': '***REDACTED***'}
2026-03-24 16:56:49 | HTTP RESPONSE <- 200 GET https://harorepositoty2-590358146556.europe-west1.run.app/api/estados-cuenta
2026-03-24 16:56:49 | Content-Type: application/json;charset=UTF-8
2026-03-24 16:56:49 | Body: [{"id":1,"idEstudiante":1,"montoTotal":920.00,"montoPagado":920.00,"multas":0.00,"estado":"Pagado"},{"id":2,"idEstudiante":4,"montoTotal":5000.00,"montoPagado":5000.00,"multas":0.00,"estado":"Pagado"},{"id":3,"idEstudiante":5,"montoTotal":5000.00,"montoPagado":5000.00,"multas":0.00,"estado":"Pagado"},{"id":4,"idEstudiante":6,"montoTotal":5000.00,"montoPagado":5000.00,"multas":0.00,"estado":"Pagado"},{"id":5,"idEstudiante":7,"montoTotal":5000.00,"montoPagado":5000.00,"multas":0.00,"estado":"Pagado"},{"id":6,"idEstudiante":8,"montoTotal":5000.00,"montoPagado":5000.00,"multas":0.00,"estado":"Pagado"},{"id":7,"idEstudiante":9,"montoTotal":5000.00,"montoPagado":5000.00,"multas":0.00,"estado":"Pagado"},{"id":8,"idEstudiante":10,"montoTotal":5000.00,"montoPagado":5000.00,"multas":0.00,"estado":"Pagado"},{"id":9,"idEstudiante":11,"montoTotal":5000.00,"montoPagado":5000.00,"multas":0.00,"estado":"Pagado"},{"id":10,"idEstudiante":12,"montoTotal":5000.00,"montoPagado":5000.00,"multas":0.00,"estado":"Pagado"},{"id":11,"idEstudiante":13,"montoTotal":5000.00,"montoPagado":5000.00,"multas":0.00,"estado":"Pagado"}]
2026-03-24 16:56:51 | HTTP REQUEST -> GET https://harorepositoty2-590358146556.europe-west1.run.app/api/administradores
2026-03-24 16:56:51 | Headers: {'Accept': 'application/json', 'Content-Type': 'application/json', 'Authorization': '***REDACTED***'}
2026-03-24 16:56:52 | HTTP RESPONSE <- 200 GET https://harorepositoty2-590358146556.europe-west1.run.app/api/administradores
2026-03-24 16:56:52 | Content-Type: application/json;charset=UTF-8
2026-03-24 16:56:52 | Body: [{"id":1,"correo":"daniela@gmail.com","cedula":"1122334455","usuario":"Daniela","nombre":"Daniela","activo":true,"creadoEn":"2026-03-08T15:52:05.967682Z","actualizadoEn":"2026-03-08T15:52:05.967687Z"}]
2026-03-24 16:56:58 | HTTP REQUEST -> GET https://harorepositoty2-590358146556.europe-west1.run.app/api/profesores
2026-03-24 16:56:58 | Headers: {'Accept': 'application/json', 'Content-Type': 'application/json', 'Authorization': '***REDACTED***'}
2026-03-24 16:56:59 | HTTP RESPONSE <- 200 GET https://harorepositoty2-590358146556.europe-west1.run.app/api/profesores
2026-03-24 16:56:59 | Content-Type: application/json;charset=UTF-8
2026-03-24 16:56:59 | Body: [{"id":1,"cedula":"79845612","nombre":"Carlos","apellido":"Perez","correo":"carlos.perez@ceaharo.com","especialidad":"moto","categoria":"moto","telefono":"3119876543","email":"nicolasmachado19292@gmail.com","usuario":"carlos.perez","visible":true}]
2026-03-24 16:56:59 | HTTP REQUEST -> GET https://harorepositoty2-590358146556.europe-west1.run.app/api/vehiculos
2026-03-24 16:56:59 | Headers: {'Accept': 'application/json', 'Content-Type': 'application/json', 'Authorization': '***REDACTED***'}
2026-03-24 16:57:00 | HTTP RESPONSE <- 200 GET https://harorepositoty2-590358146556.europe-west1.run.app/api/vehiculos
2026-03-24 16:57:00 | Content-Type: application/json;charset=UTF-8
2026-03-24 16:57:00 | Body: [{"placa":"ABC123","marca":"Chevrolet","modelo":"Onix","anio":2024,"sede":null,"estado":"Activo","visible":true}]
2026-03-24 17:01:43 | HTTP REQUEST -> GET https://harorepositoty2-590358146556.europe-west1.run.app/api/estudiantes
2026-03-24 17:01:43 | Headers: {'Accept': 'application/json', 'Content-Type': 'application/json', 'Authorization': '***REDACTED***'}
2026-03-24 17:01:43 | Headers: {'Accept': 'application/json', 'Content-Type': 'application/json', 'Authorization': '***REDACTED***'}
2026-03-24 17:01:44 | HTTP RESPONSE <- 200 GET https://harorepositoty2-590358146556.europe-west1.run.app/api/profesores
2026-03-24 17:01:44 | HTTP RESPONSE <- 200 GET https://harorepositoty2-590358146556.europe-west1.run.app/api/estudiantes
2026-03-24 17:01:44 | Content-Type: application/json;charset=UTF-8
2026-03-24 17:01:44 | Content-Type: application/json;charset=UTF-8
2026-03-24 17:01:44 | Body: [{"id":1,"cedula":"79845612","nombre":"Carlos","apellido":"Perez","correo":"carlos.perez@ceaharo.com","especialidad":"moto","categoria":"moto","telefono":"3119876543","email":"nicolasmachado19292@gmail.com","usuario":"carlos.perez","visible":true}]
2026-03-24 17:01:44 | Body: [{"id":6,"nombre":"J","apellido":"Vargas","tipoEstudiante":"matriculado","tipoDocumento":"CC","numeroDocumento":"123456789","categoria":"A2","sede":"","horas":0,"tipoPase":"moto","aproboExamenTeorico":false,"telefono":"317318326","email":"pinherdani@gmail.com","direccion":"Carrera 69","fotoPerfil":null,"estado":"Activo","visible":true,"usuario":"pinherdani","fechaCreacion":"2026-03-21"},{"id":7,"nombre":"Jose","apellido":"alcaraz Dominguez","tipoEstudiante":"matriculado","tipoDocumento":"CC","numeroDocumento":"910191294","categoria":"A2","sede":"","horas":0,"tipoPase":"moto","aproboExamenTeorico":false,"telefono":"3122444567","email":"nicolasmachado422@gmail.com","direccion":"Carrera 69d #3-80","fotoPerfil":null,"estado":"Activo","visible":true,"usuario":"nicolasmachado422","fechaCreacion":"2026-03-21"},{"id":8,"nombre":"joan","apellido":"","tipoEstudiante":"matriculado","tipoDocumento":"CC","numeroDocumento":"1022328813","categoria":"A2","sede":"","horas":0,"tipoPase":"moto","aproboExamenTeorico":false,"telefono":"3103176326","email":"joan@gmail.com","direccion":"carrera 69#2","fotoPerfil":null,"estado":"Activo","visible":true,"usuario":"joan","fechaCreacion":"2026-03-21"},{"id":9,"nombre":"flora","apellido":"","tipoEstudiante":"matriculado","tipoDocumento":"CC","numeroDocumento":"41739396","categoria":"A2","sede":"","horas":0,"tipoPase":"moto","aproboExamenTeorico":false,"telefono":"3164837092","email":"flora.alvira57@gmail.com","direccion":"Carrera 69","fotoPerfil":null,"estado":"Activo","visible":true,"usuario":"flora.alvira57","fechaCreacion":"2026-03-21"},{"id":10,"nombre":"jose","apellido":"","tipoEstudiante":"matriculado","tipoDocumento":"CC","numeroDocumento":"1105780015","categoria":"A2","sede":"","horas":0,"tipoPase":"moto","aproboExamenTeorico":false,"telefo... [truncado 1309 chars]
2026-03-24 17:01:44 | HTTP REQUEST -> GET https://harorepositoty2-590358146556.europe-west1.run.app/api/vehiculos
2026-03-24 17:01:44 | Headers: {'Accept': 'application/json', 'Content-Type': 'application/json', 'Authorization': '***REDACTED***'}
2026-03-24 17:01:44 | HTTP RESPONSE <- 200 GET https://harorepositoty2-590358146556.europe-west1.run.app/api/vehiculos
2026-03-24 17:01:44 | Content-Type: application/json;charset=UTF-8
2026-03-24 17:01:44 | Body: [{"placa":"ABC123","marca":"Chevrolet","modelo":"Onix","anio":2024,"sede":null,"estado":"Activo","visible":true}]
2026-03-24 17:01:44 | HTTP REQUEST -> GET https://harorepositoty2-590358146556.europe-west1.run.app/api/clases-practicas
2026-03-24 17:01:44 | Headers: {'Accept': 'application/json', 'Content-Type': 'application/json', 'Authorization': '***REDACTED***'}
2026-03-24 17:01:45 | HTTP RESPONSE <- 200 GET https://harorepositoty2-590358146556.europe-west1.run.app/api/clases-practicas
2026-03-24 17:01:45 | Content-Type: application/json;charset=UTF-8
2026-03-24 17:01:45 | Body: [{"id":3,"id_estudiante":6,"id_profesor":1,"placa_vehiculo":"ABC123","fecha":"2026-03-24","horaInicio":"08:00","horaFin":"10:00","estado":"Programada","estadoClase":"Pendiente"},{"id":4,"id_estudiante":6,"id_profesor":1,"placa_vehiculo":"ABC123","fecha":"2026-03-23","horaInicio":"16:00","horaFin":"18:00","estado":"Programada","estadoClase":"Pendiente"},{"id":5,"id_estudiante":6,"id_profesor":1,"placa_vehiculo":"ABC123","fecha":"2026-03-24","horaInicio":"18:00","horaFin":"20:00","estado":"Programada","estadoClase":"Pendiente"},{"id":6,"id_estudiante":6,"id_profesor":1,"placa_vehiculo":"ABC123","fecha":"2026-03-27","horaInicio":"06:00","horaFin":"08:00","estado":"Programada","estadoClase":"Pendiente"},{"id":7,"id_estudiante":7,"id_profesor":1,"placa_vehiculo":"ABC123","fecha":"2026-03-24","horaInicio":"06:00","horaFin":"08:00","estado":"Programada","estadoClase":"Pendiente"}]
2026-03-24 17:01:45 | HTTP REQUEST -> GET https://harorepositoty2-590358146556.europe-west1.run.app/api/estados-cuenta
2026-03-24 17:01:45 | Headers: {'Accept': 'application/json', 'Content-Type': 'application/json', 'Authorization': '***REDACTED***'}
2026-03-24 17:01:46 | HTTP RESPONSE <- 200 GET https://harorepositoty2-590358146556.europe-west1.run.app/api/estados-cuenta
2026-03-24 17:01:46 | Content-Type: application/json;charset=UTF-8
2026-03-24 17:01:46 | Body: [{"id":1,"idEstudiante":1,"montoTotal":920.00,"montoPagado":920.00,"multas":0.00,"estado":"Pagado"},{"id":2,"idEstudiante":4,"montoTotal":5000.00,"montoPagado":5000.00,"multas":0.00,"estado":"Pagado"},{"id":3,"idEstudiante":5,"montoTotal":5000.00,"montoPagado":5000.00,"multas":0.00,"estado":"Pagado"},{"id":4,"idEstudiante":6,"montoTotal":5000.00,"montoPagado":5000.00,"multas":0.00,"estado":"Pagado"},{"id":5,"idEstudiante":7,"montoTotal":5000.00,"montoPagado":5000.00,"multas":0.00,"estado":"Pagado"},{"id":6,"idEstudiante":8,"montoTotal":5000.00,"montoPagado":5000.00,"multas":0.00,"estado":"Pagado"},{"id":7,"idEstudiante":9,"montoTotal":5000.00,"montoPagado":5000.00,"multas":0.00,"estado":"Pagado"},{"id":8,"idEstudiante":10,"montoTotal":5000.00,"montoPagado":5000.00,"multas":0.00,"estado":"Pagado"},{"id":9,"idEstudiante":11,"montoTotal":5000.00,"montoPagado":5000.00,"multas":0.00,"estado":"Pagado"},{"id":10,"idEstudiante":12,"montoTotal":5000.00,"montoPagado":5000.00,"multas":0.00,"estado":"Pagado"},{"id":11,"idEstudiante":13,"montoTotal":5000.00,"montoPagado":5000.00,"multas":0.00,"estado":"Pagado"}]
2026-03-24 17:01:48 | HTTP REQUEST -> GET https://harorepositoty2-590358146556.europe-west1.run.app/api/administradores
2026-03-24 17:01:48 | Headers: {'Accept': 'application/json', 'Content-Type': 'application/json', 'Authorization': '***REDACTED***'}
2026-03-24 17:01:49 | HTTP RESPONSE <- 200 GET https://harorepositoty2-590358146556.europe-west1.run.app/api/administradores
2026-03-24 17:01:49 | Content-Type: application/json;charset=UTF-8
2026-03-24 17:01:49 | Body: [{"id":1,"correo":"daniela@gmail.com","cedula":"1122334455","usuario":"Daniela","nombre":"Daniela","activo":true,"creadoEn":"2026-03-08T15:52:05.967682Z","actualizadoEn":"2026-03-08T15:52:05.967687Z"}]
2026-03-24 17:02:00 | HTTP REQUEST -> GET https://harorepositoty2-590358146556.europe-west1.run.app/api/profesores
2026-03-24 17:02:00 | Headers: {'Accept': 'application/json', 'Content-Type': 'application/json', 'Authorization': '***REDACTED***'}
2026-03-24 17:02:00 | HTTP RESPONSE <- 200 GET https://harorepositoty2-590358146556.europe-west1.run.app/api/profesores
2026-03-24 17:02:00 | Content-Type: application/json;charset=UTF-8
2026-03-24 17:02:00 | Body: [{"id":1,"cedula":"79845612","nombre":"Carlos","apellido":"Perez","correo":"carlos.perez@ceaharo.com","especialidad":"moto","categoria":"moto","telefono":"3119876543","email":"nicolasmachado19292@gmail.com","usuario":"carlos.perez","visible":true}]
2026-03-24 17:09:01 | HTTP REQUEST -> GET https://harorepositoty2-590358146556.europe-west1.run.app/api/estudiantes
2026-03-24 17:09:01 | Headers: {'Accept': 'application/json', 'Content-Type': 'application/json', 'Authorization': '***REDACTED***'}
2026-03-24 17:09:01 | HTTP REQUEST -> GET https://harorepositoty2-590358146556.europe-west1.run.app/api/profesores
2026-03-24 17:09:01 | Headers: {'Accept': 'application/json', 'Content-Type': 'application/json', 'Authorization': '***REDACTED***'}
2026-03-24 17:09:01 | HTTP RESPONSE <- 200 GET https://harorepositoty2-590358146556.europe-west1.run.app/api/estudiantes
2026-03-24 17:09:01 | Content-Type: application/json;charset=UTF-8
2026-03-24 17:09:01 | Body: [{"id":6,"nombre":"J","apellido":"Vargas","tipoEstudiante":"matriculado","tipoDocumento":"CC","numeroDocumento":"123456789","categoria":"A2","sede":"","horas":0,"tipoPase":"moto","aproboExamenTeorico":false,"telefono":"317318326","email":"pinherdani@gmail.com","direccion":"Carrera 69","fotoPerfil":null,"estado":"Activo","visible":true,"usuario":"pinherdani","fechaCreacion":"2026-03-21"},{"id":7,"nombre":"Jose","apellido":"alcaraz Dominguez","tipoEstudiante":"matriculado","tipoDocumento":"CC","numeroDocumento":"910191294","categoria":"A2","sede":"","horas":0,"tipoPase":"moto","aproboExamenTeorico":false,"telefono":"3122444567","email":"nicolasmachado422@gmail.com","direccion":"Carrera 69d #3-80","fotoPerfil":null,"estado":"Activo","visible":true,"usuario":"nicolasmachado422","fechaCreacion":"2026-03-21"},{"id":8,"nombre":"joan","apellido":"","tipoEstudiante":"matriculado","tipoDocumento":"CC","numeroDocumento":"1022328813","categoria":"A2","sede":"","horas":0,"tipoPase":"moto","aproboExamenTeorico":false,"telefono":"3103176326","email":"joan@gmail.com","direccion":"carrera 69#2","fotoPerfil":null,"estado":"Activo","visible":true,"usuario":"joan","fechaCreacion":"2026-03-21"},{"id":9,"nombre":"flora","apellido":"","tipoEstudiante":"matriculado","tipoDocumento":"CC","numeroDocumento":"41739396","categoria":"A2","sede":"","horas":0,"tipoPase":"moto","aproboExamenTeorico":false,"telefono":"3164837092","email":"flora.alvira57@gmail.com","direccion":"Carrera 69","fotoPerfil":null,"estado":"Activo","visible":true,"usuario":"flora.alvira57","fechaCreacion":"2026-03-21"},{"id":10,"nombre":"jose","apellido":"","tipoEstudiante":"matriculado","tipoDocumento":"CC","numeroDocumento":"1105780015","categoria":"A2","sede":"","horas":0,"tipoPase":"moto","aproboExamenTeorico":false,"telefo... [truncado 1309 chars]
2026-03-24 17:09:02 | HTTP RESPONSE <- 200 GET https://harorepositoty2-590358146556.europe-west1.run.app/api/profesores
2026-03-24 17:09:02 | Content-Type: application/json;charset=UTF-8
2026-03-24 17:09:02 | Body: [{"id":1,"cedula":"79845612","nombre":"Carlos","apellido":"Perez","correo":"carlos.perez@ceaharo.com","especialidad":"moto","categoria":"moto","telefono":"3119876543","email":"nicolasmachado19292@gmail.com","usuario":"carlos.perez","visible":true}]
2026-03-24 17:09:02 | HTTP REQUEST -> GET https://harorepositoty2-590358146556.europe-west1.run.app/api/vehiculos
2026-03-24 17:09:02 | Headers: {'Accept': 'application/json', 'Content-Type': 'application/json', 'Authorization': '***REDACTED***'}
2026-03-24 17:09:02 | HTTP RESPONSE <- 200 GET https://harorepositoty2-590358146556.europe-west1.run.app/api/vehiculos
2026-03-24 17:09:02 | Content-Type: application/json;charset=UTF-8
2026-03-24 17:09:02 | Body: [{"placa":"ABC123","marca":"Chevrolet","modelo":"Onix","anio":2024,"sede":null,"estado":"Activo","visible":true}]
2026-03-24 17:09:02 | HTTP REQUEST -> GET https://harorepositoty2-590358146556.europe-west1.run.app/api/clases-practicas
2026-03-24 17:09:02 | Headers: {'Accept': 'application/json', 'Content-Type': 'application/json', 'Authorization': '***REDACTED***'}
2026-03-24 17:09:03 | HTTP RESPONSE <- 200 GET https://harorepositoty2-590358146556.europe-west1.run.app/api/clases-practicas
2026-03-24 17:09:03 | Content-Type: application/json;charset=UTF-8
2026-03-24 17:09:03 | Body: [{"id":3,"id_estudiante":6,"id_profesor":1,"placa_vehiculo":"ABC123","fecha":"2026-03-24","horaInicio":"08:00","horaFin":"10:00","estado":"Programada","estadoClase":"Pendiente"},{"id":4,"id_estudiante":6,"id_profesor":1,"placa_vehiculo":"ABC123","fecha":"2026-03-23","horaInicio":"16:00","horaFin":"18:00","estado":"Programada","estadoClase":"Pendiente"},{"id":5,"id_estudiante":6,"id_profesor":1,"placa_vehiculo":"ABC123","fecha":"2026-03-24","horaInicio":"18:00","horaFin":"20:00","estado":"Programada","estadoClase":"Pendiente"},{"id":6,"id_estudiante":6,"id_profesor":1,"placa_vehiculo":"ABC123","fecha":"2026-03-27","horaInicio":"06:00","horaFin":"08:00","estado":"Programada","estadoClase":"Pendiente"},{"id":7,"id_estudiante":7,"id_profesor":1,"placa_vehiculo":"ABC123","fecha":"2026-03-24","horaInicio":"06:00","horaFin":"08:00","estado":"Programada","estadoClase":"Pendiente"}]
2026-03-24 17:09:03 | HTTP REQUEST -> GET https://harorepositoty2-590358146556.europe-west1.run.app/api/estados-cuenta
2026-03-24 17:09:03 | Headers: {'Accept': 'application/json', 'Content-Type': 'application/json', 'Authorization': '***REDACTED***'}
2026-03-24 17:09:04 | HTTP RESPONSE <- 200 GET https://harorepositoty2-590358146556.europe-west1.run.app/api/estados-cuenta
2026-03-24 17:09:04 | Content-Type: application/json;charset=UTF-8
2026-03-24 17:09:04 | Body: [{"id":1,"idEstudiante":1,"montoTotal":920.00,"montoPagado":920.00,"multas":0.00,"estado":"Pagado"},{"id":2,"idEstudiante":4,"montoTotal":5000.00,"montoPagado":5000.00,"multas":0.00,"estado":"Pagado"},{"id":3,"idEstudiante":5,"montoTotal":5000.00,"montoPagado":5000.00,"multas":0.00,"estado":"Pagado"},{"id":4,"idEstudiante":6,"montoTotal":5000.00,"montoPagado":5000.00,"multas":0.00,"estado":"Pagado"},{"id":5,"idEstudiante":7,"montoTotal":5000.00,"montoPagado":5000.00,"multas":0.00,"estado":"Pagado"},{"id":6,"idEstudiante":8,"montoTotal":5000.00,"montoPagado":5000.00,"multas":0.00,"estado":"Pagado"},{"id":7,"idEstudiante":9,"montoTotal":5000.00,"montoPagado":5000.00,"multas":0.00,"estado":"Pagado"},{"id":8,"idEstudiante":10,"montoTotal":5000.00,"montoPagado":5000.00,"multas":0.00,"estado":"Pagado"},{"id":9,"idEstudiante":11,"montoTotal":5000.00,"montoPagado":5000.00,"multas":0.00,"estado":"Pagado"},{"id":10,"idEstudiante":12,"montoTotal":5000.00,"montoPagado":5000.00,"multas":0.00,"estado":"Pagado"},{"id":11,"idEstudiante":13,"montoTotal":5000.00,"montoPagado":5000.00,"multas":0.00,"estado":"Pagado"}]
2026-03-24 17:15:17 | HTTP REQUEST -> GET https://harorepositoty2-590358146556.europe-west1.run.app/api/estudiantes
2026-03-24 17:15:17 | Headers: {'Accept': 'application/json', 'Content-Type': 'application/json', 'Authorization': '***REDACTED***'}
2026-03-24 17:15:17 | HTTP REQUEST -> GET https://harorepositoty2-590358146556.europe-west1.run.app/api/profesores
2026-03-24 17:15:17 | Headers: {'Accept': 'application/json', 'Content-Type': 'application/json', 'Authorization': '***REDACTED***'}
2026-03-24 17:15:22 | HTTP RESPONSE <- 401 GET https://harorepositoty2-590358146556.europe-west1.run.app/api/profesores
2026-03-24 17:15:22 | Content-Type: application/json;charset=UTF-8
2026-03-24 17:15:22 | Body: {"timestamp":"2026-03-24T22:15:22.146+00:00","status":401,"error":"Unauthorized","path":"/api/profesores"}
2026-03-24 17:15:22 | HTTP ERROR AuthError: No autorizado (HTTP 401). | GET https://harorepositoty2-590358146556.europe-west1.run.app/api/profesores
2026-03-24 17:15:22 | HTTP RESPONSE <- 401 GET https://harorepositoty2-590358146556.europe-west1.run.app/api/estudiantes
2026-03-24 17:15:22 | Content-Type: application/json;charset=UTF-8
2026-03-24 17:15:22 | Body: {"timestamp":"2026-03-24T22:15:22.350+00:00","status":401,"error":"Unauthorized","path":"/api/estudiantes"}
2026-03-24 17:15:22 | HTTP ERROR AuthError: No autorizado (HTTP 401). | GET https://harorepositoty2-590358146556.europe-west1.run.app/api/estudiantes
2026-03-24 17:15:35 | HTTP REQUEST -> GET https://harorepositoty2-590358146556.europe-west1.run.app/api/profesores
2026-03-24 17:15:35 | Headers: {'Accept': 'application/json', 'Content-Type': 'application/json', 'Authorization': '***REDACTED***'}
2026-03-24 17:15:35 | HTTP REQUEST -> GET https://harorepositoty2-590358146556.europe-west1.run.app/api/estudiantes
2026-03-24 17:15:35 | Headers: {'Accept': 'application/json', 'Content-Type': 'application/json', 'Authorization': '***REDACTED***'}
2026-03-24 17:15:36 | HTTP RESPONSE <- 200 GET https://harorepositoty2-590358146556.europe-west1.run.app/api/profesores

2026-03-24 17:15:36 | Content-Type: application/json;charset=UTF-8
2026-03-24 17:15:36 | Content-Type: application/json;charset=UTF-8
2026-03-24 17:15:36 | Body: [{"id":6,"nombre":"J","apellido":"Vargas","tipoEstudiante":"matriculado","tipoDocumento":"CC","numeroDocumento":"123456789","categoria":"A2","sede":"","horas":0,"tipoPase":"moto","aproboExamenTeorico":false,"telefono":"317318326","email":"pinherdani@gmail.com","direccion":"Carrera 69","fotoPerfil":null,"estado":"Activo","visible":true,"usuario":"pinherdani","fechaCreacion":"2026-03-21"},{"id":7,"nombre":"Jose","apellido":"alcaraz Dominguez","tipoEstudiante":"matriculado","tipoDocumento":"CC","numeroDocumento":"910191294","categoria":"A2","sede":"","horas":0,"tipoPase":"moto","aproboExamenTeorico":false,"telefono":"3122444567","email":"nicolasmachado422@gmail.com","direccion":"Carrera 69d #3-80","fotoPerfil":null,"estado":"Activo","visible":true,"usuario":"nicolasmachado422","fechaCreacion":"2026-03-21"},{"id":8,"nombre":"joan","apellido":"","tipoEstudiante":"matriculado","tipoDocumento":"CC","numeroDocumento":"1022328813","categoria":"A2","sede":"","horas":0,"tipoPase":"moto","aproboExamenTeorico":false,"telefono":"3103176326","email":"joan@gmail.com","direccion":"carrera 69#2","fotoPerfil":null,"estado":"Activo","visible":true,"usuario":"joan","fechaCreacion":"2026-03-21"},{"id":9,"nombre":"flora","apellido":"","tipoEstudiante":"matriculado","tipoDocumento":"CC","numeroDocumento":"41739396","categoria":"A2","sede":"","horas":0,"tipoPase":"moto","aproboExamenTeorico":false,"telefono":"3164837092","email":"flora.alvira57@gmail.com","direccion":"Carrera 69","fotoPerfil":null,"estado":"Activo","visible":true,"usuario":"flora.alvira57","fechaCreacion":"2026-03-21"},{"id":10,"nombre":"jose","apellido":"","tipoEstudiante":"matriculado","tipoDocumento":"CC","numeroDocumento":"1105780015","categoria":"A2","sede":"","horas":0,"tipoPase":"moto","aproboExamenTeorico":false,"telefo... [truncado 1309 chars]
2026-03-24 17:15:36 | Body: [{"id":1,"cedula":"79845612","nombre":"Carlos","apellido":"Perez","correo":"carlos.perez@ceaharo.com","especialidad":"moto","categoria":"moto","telefono":"3119876543","email":"nicolasmachado19292@gmail.com","usuario":"carlos.perez","visible":true}]
2026-03-24 17:15:36 | HTTP REQUEST -> GET https://harorepositoty2-590358146556.europe-west1.run.app/api/vehiculos
2026-03-24 17:15:36 | Headers: {'Accept': 'application/json', 'Content-Type': 'application/json', 'Authorization': '***REDACTED***'}
2026-03-24 17:15:37 | HTTP RESPONSE <- 200 GET https://harorepositoty2-590358146556.europe-west1.run.app/api/vehiculos
2026-03-24 17:15:37 | Content-Type: application/json;charset=UTF-8
2026-03-24 17:15:37 | Body: [{"placa":"ABC123","marca":"Chevrolet","modelo":"Onix","anio":2024,"sede":null,"estado":"Activo","visible":true}]
2026-03-24 17:15:37 | HTTP REQUEST -> GET https://harorepositoty2-590358146556.europe-west1.run.app/api/clases-practicas
2026-03-24 17:15:37 | Headers: {'Accept': 'application/json', 'Content-Type': 'application/json', 'Authorization': '***REDACTED***'}
2026-03-24 17:15:38 | HTTP RESPONSE <- 200 GET https://harorepositoty2-590358146556.europe-west1.run.app/api/clases-practicas
2026-03-24 17:15:38 | Content-Type: application/json;charset=UTF-8
2026-03-24 17:15:38 | Body: [{"id":3,"id_estudiante":6,"id_profesor":1,"placa_vehiculo":"ABC123","fecha":"2026-03-24","horaInicio":"08:00","horaFin":"10:00","estado":"Programada","estadoClase":"Pendiente"},{"id":4,"id_estudiante":6,"id_profesor":1,"placa_vehiculo":"ABC123","fecha":"2026-03-23","horaInicio":"16:00","horaFin":"18:00","estado":"Programada","estadoClase":"Pendiente"},{"id":5,"id_estudiante":6,"id_profesor":1,"placa_vehiculo":"ABC123","fecha":"2026-03-24","horaInicio":"18:00","horaFin":"20:00","estado":"Programada","estadoClase":"Pendiente"},{"id":6,"id_estudiante":6,"id_profesor":1,"placa_vehiculo":"ABC123","fecha":"2026-03-27","horaInicio":"06:00","horaFin":"08:00","estado":"Programada","estadoClase":"Pendiente"},{"id":7,"id_estudiante":7,"id_profesor":1,"placa_vehiculo":"ABC123","fecha":"2026-03-24","horaInicio":"06:00","horaFin":"08:00","estado":"Programada","estadoClase":"Pendiente"}]
2026-03-24 17:15:38 | HTTP REQUEST -> GET https://harorepositoty2-590358146556.europe-west1.run.app/api/estados-cuenta
2026-03-24 17:15:38 | Headers: {'Accept': 'application/json', 'Content-Type': 'application/json', 'Authorization': '***REDACTED***'}
2026-03-24 17:15:39 | HTTP RESPONSE <- 200 GET https://harorepositoty2-590358146556.europe-west1.run.app/api/estados-cuenta
2026-03-24 17:15:39 | Content-Type: application/json;charset=UTF-8
2026-03-24 17:15:39 | Body: [{"id":1,"idEstudiante":1,"montoTotal":920.00,"montoPagado":920.00,"multas":0.00,"estado":"Pagado"},{"id":2,"idEstudiante":4,"montoTotal":5000.00,"montoPagado":5000.00,"multas":0.00,"estado":"Pagado"},{"id":3,"idEstudiante":5,"montoTotal":5000.00,"montoPagado":5000.00,"multas":0.00,"estado":"Pagado"},{"id":4,"idEstudiante":6,"montoTotal":5000.00,"montoPagado":5000.00,"multas":0.00,"estado":"Pagado"},{"id":5,"idEstudiante":7,"montoTotal":5000.00,"montoPagado":5000.00,"multas":0.00,"estado":"Pagado"},{"id":6,"idEstudiante":8,"montoTotal":5000.00,"montoPagado":5000.00,"multas":0.00,"estado":"Pagado"},{"id":7,"idEstudiante":9,"montoTotal":5000.00,"montoPagado":5000.00,"multas":0.00,"estado":"Pagado"},{"id":8,"idEstudiante":10,"montoTotal":5000.00,"montoPagado":5000.00,"multas":0.00,"estado":"Pagado"},{"id":9,"idEstudiante":11,"montoTotal":5000.00,"montoPagado":5000.00,"multas":0.00,"estado":"Pagado"},{"id":10,"idEstudiante":12,"montoTotal":5000.00,"montoPagado":5000.00,"multas":0.00,"estado":"Pagado"},{"id":11,"idEstudiante":13,"montoTotal":5000.00,"montoPagado":5000.00,"multas":0.00,"estado":"Pagado"}]
2026-03-24 17:18:20 | HTTP REQUEST -> GET https://harorepositoty2-590358146556.europe-west1.run.app/api/estudiantes
2026-03-24 17:18:20 | Headers: {'Accept': 'application/json', 'Content-Type': 'application/json', 'Authorization': '***REDACTED***'}
2026-03-24 17:18:20 | Headers: {'Accept': 'application/json', 'Content-Type': 'application/json', 'Authorization': '***REDACTED***'}
2026-03-24 17:18:23 | HTTP REQUEST -> GET https://harorepositoty2-590358146556.europe-west1.run.app/api/administradores
2026-03-24 17:18:23 | Headers: {'Accept': 'application/json', 'Content-Type': 'application/json', 'Authorization': '***REDACTED***'}
2026-03-24 17:18:25 | HTTP RESPONSE <- 401 GET https://harorepositoty2-590358146556.europe-west1.run.app/api/profesores
2026-03-24 17:18:25 | Content-Type: application/json;charset=UTF-8
2026-03-24 17:18:25 | Body: {"timestamp":"2026-03-24T22:18:25.038+00:00","status":401,"error":"Unauthorized","path":"/api/profesores"}
2026-03-24 17:18:25 | HTTP ERROR AuthError: No autorizado (HTTP 401). | GET https://harorepositoty2-590358146556.europe-west1.run.app/api/profesores
2026-03-24 17:18:25 | HTTP RESPONSE <- 401 GET https://harorepositoty2-590358146556.europe-west1.run.app/api/estudiantes
2026-03-24 17:18:25 | Content-Type: application/json;charset=UTF-8
2026-03-24 17:18:25 | Body: {"timestamp":"2026-03-24T22:18:25.166+00:00","status":401,"error":"Unauthorized","path":"/api/estudiantes"}
2026-03-24 17:18:25 | HTTP ERROR AuthError: No autorizado (HTTP 401). | GET https://harorepositoty2-590358146556.europe-west1.run.app/api/estudiantes
2026-03-24 17:18:27 | HTTP RESPONSE <- 401 GET https://harorepositoty2-590358146556.europe-west1.run.app/api/administradores
2026-03-24 17:18:27 | Content-Type: application/json;charset=UTF-8
2026-03-24 17:18:27 | Body: {"timestamp":"2026-03-24T22:18:27.383+00:00","status":401,"error":"Unauthorized","path":"/api/administradores"}
2026-03-24 17:18:27 | HTTP ERROR AuthError: No autorizado (HTTP 401). | GET https://harorepositoty2-590358146556.europe-west1.run.app/api/administradores
2026-03-24 17:18:57 | HTTP REQUEST -> GET https://harorepositoty2-590358146556.europe-west1.run.app/api/profesores
2026-03-24 17:18:57 | Headers: {'Accept': 'application/json', 'Content-Type': 'application/json', 'Authorization': '***REDACTED***'}
2026-03-24 17:19:00 | HTTP REQUEST -> GET https://harorepositoty2-590358146556.europe-west1.run.app/api/vehiculos
2026-03-24 17:19:00 | Headers: {'Accept': 'application/json', 'Content-Type': 'application/json', 'Authorization': '***REDACTED***'}
2026-03-24 17:19:01 | HTTP REQUEST -> GET https://harorepositoty2-590358146556.europe-west1.run.app/api/estudiantes
2026-03-24 17:19:01 | Headers: {'Accept': 'application/json', 'Content-Type': 'application/json', 'Authorization': '***REDACTED***'}
2026-03-24 17:19:01 | HTTP RESPONSE <- 401 GET https://harorepositoty2-590358146556.europe-west1.run.app/api/profesores
2026-03-24 17:19:01 | Content-Type: application/json;charset=UTF-8
2026-03-24 17:19:01 | Body: {"timestamp":"2026-03-24T22:19:01.337+00:00","status":401,"error":"Unauthorized","path":"/api/profesores"}
2026-03-24 17:19:01 | HTTP ERROR AuthError: No autorizado (HTTP 401). | GET https://harorepositoty2-590358146556.europe-west1.run.app/api/profesores
2026-03-24 17:19:04 | HTTP RESPONSE <- 401 GET https://harorepositoty2-590358146556.europe-west1.run.app/api/vehiculos
2026-03-24 17:19:04 | Content-Type: application/json;charset=UTF-8
2026-03-24 17:19:04 | Body: {"timestamp":"2026-03-24T22:19:03.946+00:00","status":401,"error":"Unauthorized","path":"/api/vehiculos"}
2026-03-24 17:19:04 | HTTP ERROR AuthError: No autorizado (HTTP 401). | GET https://harorepositoty2-590358146556.europe-west1.run.app/api/vehiculos
2026-03-24 17:19:04 | HTTP RESPONSE <- 401 GET https://harorepositoty2-590358146556.europe-west1.run.app/api/estudiantes
2026-03-24 17:19:04 | Content-Type: application/json;charset=UTF-8
2026-03-24 17:19:04 | Body: {"timestamp":"2026-03-24T22:19:04.647+00:00","status":401,"error":"Unauthorized","path":"/api/estudiantes"}
2026-03-24 17:19:04 | HTTP ERROR AuthError: No autorizado (HTTP 401). | GET https://harorepositoty2-590358146556.europe-west1.run.app/api/estudiantes
2026-03-24 17:19:20 | HTTP REQUEST -> GET https://harorepositoty2-590358146556.europe-west1.run.app/api/estudiantes
2026-03-24 17:19:20 | Headers: {'Accept': 'application/json', 'Content-Type': 'application/json', 'Authorization': '***REDACTED***'}
2026-03-24 17:19:20 | HTTP REQUEST -> GET https://harorepositoty2-590358146556.europe-west1.run.app/api/profesores
2026-03-24 17:19:20 | Headers: {'Accept': 'application/json', 'Content-Type': 'application/json', 'Authorization': '***REDACTED***'}
2026-03-24 17:19:21 | HTTP RESPONSE <- 200 GET https://harorepositoty2-590358146556.europe-west1.run.app/api/estudiantes
2026-03-24 17:19:21 | Content-Type: application/json;charset=UTF-8
2026-03-24 17:19:21 | Body: [{"id":6,"nombre":"J","apellido":"Vargas","tipoEstudiante":"matriculado","tipoDocumento":"CC","numeroDocumento":"123456789","categoria":"A2","sede":"","horas":0,"tipoPase":"moto","aproboExamenTeorico":false,"telefono":"317318326","email":"pinherdani@gmail.com","direccion":"Carrera 69","fotoPerfil":null,"estado":"Activo","visible":true,"usuario":"pinherdani","fechaCreacion":"2026-03-21"},{"id":7,"nombre":"Jose","apellido":"alcaraz Dominguez","tipoEstudiante":"matriculado","tipoDocumento":"CC","numeroDocumento":"910191294","categoria":"A2","sede":"","horas":0,"tipoPase":"moto","aproboExamenTeorico":false,"telefono":"3122444567","email":"nicolasmachado422@gmail.com","direccion":"Carrera 69d #3-80","fotoPerfil":null,"estado":"Activo","visible":true,"usuario":"nicolasmachado422","fechaCreacion":"2026-03-21"},{"id":8,"nombre":"joan","apellido":"","tipoEstudiante":"matriculado","tipoDocumento":"CC","numeroDocumento":"1022328813","categoria":"A2","sede":"","horas":0,"tipoPase":"moto","aproboExamenTeorico":false,"telefono":"3103176326","email":"joan@gmail.com","direccion":"carrera 69#2","fotoPerfil":null,"estado":"Activo","visible":true,"usuario":"joan","fechaCreacion":"2026-03-21"},{"id":9,"nombre":"flora","apellido":"","tipoEstudiante":"matriculado","tipoDocumento":"CC","numeroDocumento":"41739396","categoria":"A2","sede":"","horas":0,"tipoPase":"moto","aproboExamenTeorico":false,"telefono":"3164837092","email":"flora.alvira57@gmail.com","direccion":"Carrera 69","fotoPerfil":null,"estado":"Activo","visible":true,"usuario":"flora.alvira57","fechaCreacion":"2026-03-21"},{"id":10,"nombre":"jose","apellido":"","tipoEstudiante":"matriculado","tipoDocumento":"CC","numeroDocumento":"1105780015","categoria":"A2","sede":"","horas":0,"tipoPase":"moto","aproboExamenTeorico":false,"telefo... [truncado 1309 chars]
2026-03-24 17:19:21 | HTTP RESPONSE <- 200 GET https://harorepositoty2-590358146556.europe-west1.run.app/api/profesores
2026-03-24 17:19:21 | Content-Type: application/json;charset=UTF-8
2026-03-24 17:19:21 | Body: [{"id":1,"cedula":"79845612","nombre":"Carlos","apellido":"Perez","correo":"carlos.perez@ceaharo.com","especialidad":"moto","categoria":"moto","telefono":"3119876543","email":"nicolasmachado19292@gmail.com","usuario":"carlos.perez","visible":true}]
2026-03-24 17:19:21 | HTTP REQUEST -> GET https://harorepositoty2-590358146556.europe-west1.run.app/api/vehiculos
2026-03-24 17:19:21 | Headers: {'Accept': 'application/json', 'Content-Type': 'application/json', 'Authorization': '***REDACTED***'}
2026-03-24 17:19:22 | HTTP RESPONSE <- 200 GET https://harorepositoty2-590358146556.europe-west1.run.app/api/vehiculos
2026-03-24 17:19:22 | Content-Type: application/json;charset=UTF-8
2026-03-24 17:19:22 | Body: [{"placa":"ABC123","marca":"Chevrolet","modelo":"Onix","anio":2024,"sede":null,"estado":"Activo","visible":true}]
2026-03-24 17:19:22 | HTTP REQUEST -> GET https://harorepositoty2-590358146556.europe-west1.run.app/api/clases-practicas
2026-03-24 17:19:22 | Headers: {'Accept': 'application/json', 'Content-Type': 'application/json', 'Authorization': '***REDACTED***'}
2026-03-24 17:19:22 | HTTP REQUEST -> GET https://harorepositoty2-590358146556.europe-west1.run.app/api/profesores
2026-03-24 17:19:22 | Headers: {'Accept': 'application/json', 'Content-Type': 'application/json', 'Authorization': '***REDACTED***'}
2026-03-24 17:19:23 | HTTP RESPONSE <- 200 GET https://harorepositoty2-590358146556.europe-west1.run.app/api/clases-practicas
2026-03-24 17:19:23 | Content-Type: application/json;charset=UTF-8
2026-03-24 17:19:23 | Body: [{"id":3,"id_estudiante":6,"id_profesor":1,"placa_vehiculo":"ABC123","fecha":"2026-03-24","horaInicio":"08:00","horaFin":"10:00","estado":"Programada","estadoClase":"Pendiente"},{"id":4,"id_estudiante":6,"id_profesor":1,"placa_vehiculo":"ABC123","fecha":"2026-03-23","horaInicio":"16:00","horaFin":"18:00","estado":"Programada","estadoClase":"Pendiente"},{"id":5,"id_estudiante":6,"id_profesor":1,"placa_vehiculo":"ABC123","fecha":"2026-03-24","horaInicio":"18:00","horaFin":"20:00","estado":"Programada","estadoClase":"Pendiente"},{"id":6,"id_estudiante":6,"id_profesor":1,"placa_vehiculo":"ABC123","fecha":"2026-03-27","horaInicio":"06:00","horaFin":"08:00","estado":"Programada","estadoClase":"Pendiente"},{"id":7,"id_estudiante":7,"id_profesor":1,"placa_vehiculo":"ABC123","fecha":"2026-03-24","horaInicio":"06:00","horaFin":"08:00","estado":"Programada","estadoClase":"Pendiente"}]
2026-03-24 17:19:23 | HTTP REQUEST -> GET https://harorepositoty2-590358146556.europe-west1.run.app/api/estados-cuenta
2026-03-24 17:19:23 | Headers: {'Accept': 'application/json', 'Content-Type': 'application/json', 'Authorization': '***REDACTED***'}
2026-03-24 17:19:23 | HTTP RESPONSE <- 200 GET https://harorepositoty2-590358146556.europe-west1.run.app/api/profesores
2026-03-24 17:19:23 | Content-Type: application/json;charset=UTF-8
2026-03-24 17:19:23 | Body: [{"id":1,"cedula":"79845612","nombre":"Carlos","apellido":"Perez","correo":"carlos.perez@ceaharo.com","especialidad":"moto","categoria":"moto","telefono":"3119876543","email":"nicolasmachado19292@gmail.com","usuario":"carlos.perez","visible":true}]
2026-03-24 17:19:23 | HTTP RESPONSE <- 200 GET https://harorepositoty2-590358146556.europe-west1.run.app/api/estados-cuenta
2026-03-24 17:19:23 | Content-Type: application/json;charset=UTF-8
2026-03-24 17:19:23 | Body: [{"id":1,"idEstudiante":1,"montoTotal":920.00,"montoPagado":920.00,"multas":0.00,"estado":"Pagado"},{"id":2,"idEstudiante":4,"montoTotal":5000.00,"montoPagado":5000.00,"multas":0.00,"estado":"Pagado"},{"id":3,"idEstudiante":5,"montoTotal":5000.00,"montoPagado":5000.00,"multas":0.00,"estado":"Pagado"},{"id":4,"idEstudiante":6,"montoTotal":5000.00,"montoPagado":5000.00,"multas":0.00,"estado":"Pagado"},{"id":5,"idEstudiante":7,"montoTotal":5000.00,"montoPagado":5000.00,"multas":0.00,"estado":"Pagado"},{"id":6,"idEstudiante":8,"montoTotal":5000.00,"montoPagado":5000.00,"multas":0.00,"estado":"Pagado"},{"id":7,"idEstudiante":9,"montoTotal":5000.00,"montoPagado":5000.00,"multas":0.00,"estado":"Pagado"},{"id":8,"idEstudiante":10,"montoTotal":5000.00,"montoPagado":5000.00,"multas":0.00,"estado":"Pagado"},{"id":9,"idEstudiante":11,"montoTotal":5000.00,"montoPagado":5000.00,"multas":0.00,"estado":"Pagado"},{"id":10,"idEstudiante":12,"montoTotal":5000.00,"montoPagado":5000.00,"multas":0.00,"estado":"Pagado"},{"id":11,"idEstudiante":13,"montoTotal":5000.00,"montoPagado":5000.00,"multas":0.00,"estado":"Pagado"}]
2026-03-24 17:19:24 | HTTP REQUEST -> GET https://harorepositoty2-590358146556.europe-west1.run.app/api/vehiculos
2026-03-24 17:19:24 | Headers: {'Accept': 'application/json', 'Content-Type': 'application/json', 'Authorization': '***REDACTED***'}
2026-03-24 17:19:25 | HTTP RESPONSE <- 200 GET https://harorepositoty2-590358146556.europe-west1.run.app/api/vehiculos
2026-03-24 17:19:25 | Content-Type: application/json;charset=UTF-8
2026-03-24 17:19:25 | Body: [{"placa":"ABC123","marca":"Chevrolet","modelo":"Onix","anio":2024,"sede":null,"estado":"Activo","visible":true}]
2026-03-24 17:19:26 | HTTP REQUEST -> GET https://harorepositoty2-590358146556.europe-west1.run.app/api/estudiantes
2026-03-24 17:19:26 | Headers: {'Accept': 'application/json', 'Content-Type': 'application/json', 'Authorization': '***REDACTED***'}
2026-03-24 17:19:27 | HTTP RESPONSE <- 200 GET https://harorepositoty2-590358146556.europe-west1.run.app/api/estudiantes
2026-03-24 17:19:27 | Content-Type: application/json;charset=UTF-8
2026-03-24 17:19:27 | Body: [{"id":6,"nombre":"J","apellido":"Vargas","tipoEstudiante":"matriculado","tipoDocumento":"CC","numeroDocumento":"123456789","categoria":"A2","sede":"","horas":0,"tipoPase":"moto","aproboExamenTeorico":false,"telefono":"317318326","email":"pinherdani@gmail.com","direccion":"Carrera 69","fotoPerfil":null,"estado":"Activo","visible":true,"usuario":"pinherdani","fechaCreacion":"2026-03-21"},{"id":7,"nombre":"Jose","apellido":"alcaraz Dominguez","tipoEstudiante":"matriculado","tipoDocumento":"CC","numeroDocumento":"910191294","categoria":"A2","sede":"","horas":0,"tipoPase":"moto","aproboExamenTeorico":false,"telefono":"3122444567","email":"nicolasmachado422@gmail.com","direccion":"Carrera 69d #3-80","fotoPerfil":null,"estado":"Activo","visible":true,"usuario":"nicolasmachado422","fechaCreacion":"2026-03-21"},{"id":8,"nombre":"joan","apellido":"","tipoEstudiante":"matriculado","tipoDocumento":"CC","numeroDocumento":"1022328813","categoria":"A2","sede":"","horas":0,"tipoPase":"moto","aproboExamenTeorico":false,"telefono":"3103176326","email":"joan@gmail.com","direccion":"carrera 69#2","fotoPerfil":null,"estado":"Activo","visible":true,"usuario":"joan","fechaCreacion":"2026-03-21"},{"id":9,"nombre":"flora","apellido":"","tipoEstudiante":"matriculado","tipoDocumento":"CC","numeroDocumento":"41739396","categoria":"A2","sede":"","horas":0,"tipoPase":"moto","aproboExamenTeorico":false,"telefono":"3164837092","email":"flora.alvira57@gmail.com","direccion":"Carrera 69","fotoPerfil":null,"estado":"Activo","visible":true,"usuario":"flora.alvira57","fechaCreacion":"2026-03-21"},{"id":10,"nombre":"jose","apellido":"","tipoEstudiante":"matriculado","tipoDocumento":"CC","numeroDocumento":"1105780015","categoria":"A2","sede":"","horas":0,"tipoPase":"moto","aproboExamenTeorico":false,"telefo... [truncado 1309 chars]
2026-03-24 17:19:27 | HTTP REQUEST -> GET https://harorepositoty2-590358146556.europe-west1.run.app/api/profesores
2026-03-24 17:19:27 | Headers: {'Accept': 'application/json', 'Content-Type': 'application/json', 'Authorization': '***REDACTED***'}
2026-03-24 17:19:28 | HTTP RESPONSE <- 200 GET https://harorepositoty2-590358146556.europe-west1.run.app/api/profesores
2026-03-24 17:19:28 | Content-Type: application/json;charset=UTF-8
2026-03-24 17:19:28 | Body: [{"id":1,"cedula":"79845612","nombre":"Carlos","apellido":"Perez","correo":"carlos.perez@ceaharo.com","especialidad":"moto","categoria":"moto","telefono":"3119876543","email":"nicolasmachado19292@gmail.com","usuario":"carlos.perez","visible":true}]
2026-03-24 17:19:28 | HTTP REQUEST -> GET https://harorepositoty2-590358146556.europe-west1.run.app/api/vehiculos
2026-03-24 17:19:28 | Headers: {'Accept': 'application/json', 'Content-Type': 'application/json', 'Authorization': '***REDACTED***'}
2026-03-24 17:19:29 | HTTP RESPONSE <- 200 GET https://harorepositoty2-590358146556.europe-west1.run.app/api/vehiculos
2026-03-24 17:19:29 | Content-Type: application/json;charset=UTF-8
2026-03-24 17:19:29 | Body: [{"placa":"ABC123","marca":"Chevrolet","modelo":"Onix","anio":2024,"sede":null,"estado":"Activo","visible":true}]
2026-03-24 17:19:29 | HTTP REQUEST -> GET https://harorepositoty2-590358146556.europe-west1.run.app/api/clases-practicas
2026-03-24 17:19:29 | Headers: {'Accept': 'application/json', 'Content-Type': 'application/json', 'Authorization': '***REDACTED***'}
2026-03-24 17:19:30 | HTTP RESPONSE <- 200 GET https://harorepositoty2-590358146556.europe-west1.run.app/api/clases-practicas
2026-03-24 17:19:30 | Content-Type: application/json;charset=UTF-8
2026-03-24 17:19:30 | Body: [{"id":3,"id_estudiante":6,"id_profesor":1,"placa_vehiculo":"ABC123","fecha":"2026-03-24","horaInicio":"08:00","horaFin":"10:00","estado":"Programada","estadoClase":"Pendiente"},{"id":4,"id_estudiante":6,"id_profesor":1,"placa_vehiculo":"ABC123","fecha":"2026-03-23","horaInicio":"16:00","horaFin":"18:00","estado":"Programada","estadoClase":"Pendiente"},{"id":5,"id_estudiante":6,"id_profesor":1,"placa_vehiculo":"ABC123","fecha":"2026-03-24","horaInicio":"18:00","horaFin":"20:00","estado":"Programada","estadoClase":"Pendiente"},{"id":6,"id_estudiante":6,"id_profesor":1,"placa_vehiculo":"ABC123","fecha":"2026-03-27","horaInicio":"06:00","horaFin":"08:00","estado":"Programada","estadoClase":"Pendiente"},{"id":7,"id_estudiante":7,"id_profesor":1,"placa_vehiculo":"ABC123","fecha":"2026-03-24","horaInicio":"06:00","horaFin":"08:00","estado":"Programada","estadoClase":"Pendiente"}]
2026-03-24 17:28:44 | HTTP REQUEST -> GET https://harorepositoty2-590358146556.europe-west1.run.app/api/estudiantes
2026-03-24 17:28:44 | Headers: {'Accept': 'application/json', 'Content-Type': 'application/json', 'Authorization': '***REDACTED***'}
2026-03-24 17:28:44 | HTTP REQUEST -> GET https://harorepositoty2-590358146556.europe-west1.run.app/api/profesores
2026-03-24 17:28:44 | Headers: {'Accept': 'application/json', 'Content-Type': 'application/json', 'Authorization': '***REDACTED***'}
2026-03-24 17:28:45 | HTTP RESPONSE <- 200 GET https://harorepositoty2-590358146556.europe-west1.run.app/api/profesores
2026-03-24 17:28:45 | Content-Type: application/json;charset=UTF-8
2026-03-24 17:28:45 | Body: [{"id":1,"cedula":"79845612","nombre":"Carlos","apellido":"Perez","correo":"carlos.perez@ceaharo.com","especialidad":"moto","categoria":"moto","telefono":"3119876543","email":"nicolasmachado19292@gmail.com","usuario":"carlos.perez","visible":true}]
2026-03-24 17:28:45 | HTTP REQUEST -> GET https://harorepositoty2-590358146556.europe-west1.run.app/api/vehiculos
2026-03-24 17:28:45 | Headers: {'Accept': 'application/json', 'Content-Type': 'application/json', 'Authorization': '***REDACTED***'}
2026-03-24 17:28:45 | HTTP RESPONSE <- 200 GET https://harorepositoty2-590358146556.europe-west1.run.app/api/estudiantes
2026-03-24 17:28:45 | Content-Type: application/json;charset=UTF-8
2026-03-24 17:28:45 | Body: [{"id":6,"nombre":"J","apellido":"Vargas","tipoEstudiante":"matriculado","tipoDocumento":"CC","numeroDocumento":"123456789","categoria":"A2","sede":"","horas":0,"tipoPase":"moto","aproboExamenTeorico":false,"telefono":"317318326","email":"pinherdani@gmail.com","direccion":"Carrera 69","fotoPerfil":null,"estado":"Activo","visible":true,"usuario":"pinherdani","fechaCreacion":"2026-03-21"},{"id":7,"nombre":"Jose","apellido":"alcaraz Dominguez","tipoEstudiante":"matriculado","tipoDocumento":"CC","numeroDocumento":"910191294","categoria":"A2","sede":"","horas":0,"tipoPase":"moto","aproboExamenTeorico":false,"telefono":"3122444567","email":"nicolasmachado422@gmail.com","direccion":"Carrera 69d #3-80","fotoPerfil":null,"estado":"Activo","visible":true,"usuario":"nicolasmachado422","fechaCreacion":"2026-03-21"},{"id":8,"nombre":"joan","apellido":"","tipoEstudiante":"matriculado","tipoDocumento":"CC","numeroDocumento":"1022328813","categoria":"A2","sede":"","horas":0,"tipoPase":"moto","aproboExamenTeorico":false,"telefono":"3103176326","email":"joan@gmail.com","direccion":"carrera 69#2","fotoPerfil":null,"estado":"Activo","visible":true,"usuario":"joan","fechaCreacion":"2026-03-21"},{"id":9,"nombre":"flora","apellido":"","tipoEstudiante":"matriculado","tipoDocumento":"CC","numeroDocumento":"41739396","categoria":"A2","sede":"","horas":0,"tipoPase":"moto","aproboExamenTeorico":false,"telefono":"3164837092","email":"flora.alvira57@gmail.com","direccion":"Carrera 69","fotoPerfil":null,"estado":"Activo","visible":true,"usuario":"flora.alvira57","fechaCreacion":"2026-03-21"},{"id":10,"nombre":"jose","apellido":"","tipoEstudiante":"matriculado","tipoDocumento":"CC","numeroDocumento":"1105780015","categoria":"A2","sede":"","horas":0,"tipoPase":"moto","aproboExamenTeorico":false,"telefo... [truncado 1309 chars]
2026-03-24 17:28:46 | HTTP RESPONSE <- 200 GET https://harorepositoty2-590358146556.europe-west1.run.app/api/vehiculos
2026-03-24 17:28:46 | Content-Type: application/json;charset=UTF-8
2026-03-24 17:28:46 | Body: [{"placa":"ABC123","marca":"Chevrolet","modelo":"Onix","anio":2024,"sede":null,"estado":"Activo","visible":true}]
2026-03-24 17:28:46 | HTTP REQUEST -> GET https://harorepositoty2-590358146556.europe-west1.run.app/api/clases-practicas
2026-03-24 17:28:46 | Headers: {'Accept': 'application/json', 'Content-Type': 'application/json', 'Authorization': '***REDACTED***'}
2026-03-24 17:28:47 | HTTP RESPONSE <- 200 GET https://harorepositoty2-590358146556.europe-west1.run.app/api/clases-practicas
2026-03-24 17:28:47 | Content-Type: application/json;charset=UTF-8
2026-03-24 17:28:47 | Body: [{"id":3,"id_estudiante":6,"id_profesor":1,"placa_vehiculo":"ABC123","fecha":"2026-03-24","horaInicio":"08:00","horaFin":"10:00","estado":"Programada","estadoClase":"Pendiente"},{"id":4,"id_estudiante":6,"id_profesor":1,"placa_vehiculo":"ABC123","fecha":"2026-03-23","horaInicio":"16:00","horaFin":"18:00","estado":"Programada","estadoClase":"Pendiente"},{"id":5,"id_estudiante":6,"id_profesor":1,"placa_vehiculo":"ABC123","fecha":"2026-03-24","horaInicio":"18:00","horaFin":"20:00","estado":"Programada","estadoClase":"Pendiente"},{"id":6,"id_estudiante":6,"id_profesor":1,"placa_vehiculo":"ABC123","fecha":"2026-03-27","horaInicio":"06:00","horaFin":"08:00","estado":"Programada","estadoClase":"Pendiente"},{"id":7,"id_estudiante":7,"id_profesor":1,"placa_vehiculo":"ABC123","fecha":"2026-03-24","horaInicio":"06:00","horaFin":"08:00","estado":"Programada","estadoClase":"Pendiente"}]
2026-03-24 17:28:47 | HTTP REQUEST -> GET https://harorepositoty2-590358146556.europe-west1.run.app/api/estados-cuenta
2026-03-24 17:28:47 | Headers: {'Accept': 'application/json', 'Content-Type': 'application/json', 'Authorization': '***REDACTED***'}
2026-03-24 17:28:47 | HTTP RESPONSE <- 200 GET https://harorepositoty2-590358146556.europe-west1.run.app/api/estados-cuenta
2026-03-24 17:28:47 | Content-Type: application/json;charset=UTF-8
2026-03-24 17:28:47 | Body: [{"id":1,"idEstudiante":1,"montoTotal":920.00,"montoPagado":920.00,"multas":0.00,"estado":"Pagado"},{"id":2,"idEstudiante":4,"montoTotal":5000.00,"montoPagado":5000.00,"multas":0.00,"estado":"Pagado"},{"id":3,"idEstudiante":5,"montoTotal":5000.00,"montoPagado":5000.00,"multas":0.00,"estado":"Pagado"},{"id":4,"idEstudiante":6,"montoTotal":5000.00,"montoPagado":5000.00,"multas":0.00,"estado":"Pagado"},{"id":5,"idEstudiante":7,"montoTotal":5000.00,"montoPagado":5000.00,"multas":0.00,"estado":"Pagado"},{"id":6,"idEstudiante":8,"montoTotal":5000.00,"montoPagado":5000.00,"multas":0.00,"estado":"Pagado"},{"id":7,"idEstudiante":9,"montoTotal":5000.00,"montoPagado":5000.00,"multas":0.00,"estado":"Pagado"},{"id":8,"idEstudiante":10,"montoTotal":5000.00,"montoPagado":5000.00,"multas":0.00,"estado":"Pagado"},{"id":9,"idEstudiante":11,"montoTotal":5000.00,"montoPagado":5000.00,"multas":0.00,"estado":"Pagado"},{"id":10,"idEstudiante":12,"montoTotal":5000.00,"montoPagado":5000.00,"multas":0.00,"estado":"Pagado"},{"id":11,"idEstudiante":13,"montoTotal":5000.00,"montoPagado":5000.00,"multas":0.00,"estado":"Pagado"}]
2026-03-24 17:28:57 | HTTP REQUEST -> GET https://harorepositoty2-590358146556.europe-west1.run.app/api/profesores
2026-03-24 17:28:57 | Headers: {'Accept': 'application/json', 'Content-Type': 'application/json', 'Authorization': '***REDACTED***'}
2026-03-24 17:28:58 | HTTP RESPONSE <- 200 GET https://harorepositoty2-590358146556.europe-west1.run.app/api/profesores
2026-03-24 17:28:58 | Content-Type: application/json;charset=UTF-8
2026-03-24 17:28:58 | Body: [{"id":1,"cedula":"79845612","nombre":"Carlos","apellido":"Perez","correo":"carlos.perez@ceaharo.com","especialidad":"moto","categoria":"moto","telefono":"3119876543","email":"nicolasmachado19292@gmail.com","usuario":"carlos.perez","visible":true}]
2026-03-24 17:28:58 | HTTP REQUEST -> GET https://harorepositoty2-590358146556.europe-west1.run.app/api/vehiculos
2026-03-24 17:28:58 | Headers: {'Accept': 'application/json', 'Content-Type': 'application/json', 'Authorization': '***REDACTED***'}
2026-03-24 17:28:59 | HTTP RESPONSE <- 200 GET https://harorepositoty2-590358146556.europe-west1.run.app/api/vehiculos
2026-03-24 17:28:59 | Content-Type: application/json;charset=UTF-8
2026-03-24 17:28:59 | Body: [{"placa":"ABC123","marca":"Chevrolet","modelo":"Onix","anio":2024,"sede":null,"estado":"Activo","visible":true}]
2026-03-24 17:29:00 | HTTP REQUEST -> GET https://harorepositoty2-590358146556.europe-west1.run.app/api/estudiantes
2026-03-24 17:29:00 | Headers: {'Accept': 'application/json', 'Content-Type': 'application/json', 'Authorization': '***REDACTED***'}
2026-03-24 17:29:01 | HTTP RESPONSE <- 200 GET https://harorepositoty2-590358146556.europe-west1.run.app/api/estudiantes
2026-03-24 17:29:01 | Content-Type: application/json;charset=UTF-8
2026-03-24 17:29:01 | Body: [{"id":6,"nombre":"J","apellido":"Vargas","tipoEstudiante":"matriculado","tipoDocumento":"CC","numeroDocumento":"123456789","categoria":"A2","sede":"","horas":0,"tipoPase":"moto","aproboExamenTeorico":false,"telefono":"317318326","email":"pinherdani@gmail.com","direccion":"Carrera 69","fotoPerfil":null,"estado":"Activo","visible":true,"usuario":"pinherdani","fechaCreacion":"2026-03-21"},{"id":7,"nombre":"Jose","apellido":"alcaraz Dominguez","tipoEstudiante":"matriculado","tipoDocumento":"CC","numeroDocumento":"910191294","categoria":"A2","sede":"","horas":0,"tipoPase":"moto","aproboExamenTeorico":false,"telefono":"3122444567","email":"nicolasmachado422@gmail.com","direccion":"Carrera 69d #3-80","fotoPerfil":null,"estado":"Activo","visible":true,"usuario":"nicolasmachado422","fechaCreacion":"2026-03-21"},{"id":8,"nombre":"joan","apellido":"","tipoEstudiante":"matriculado","tipoDocumento":"CC","numeroDocumento":"1022328813","categoria":"A2","sede":"","horas":0,"tipoPase":"moto","aproboExamenTeorico":false,"telefono":"3103176326","email":"joan@gmail.com","direccion":"carrera 69#2","fotoPerfil":null,"estado":"Activo","visible":true,"usuario":"joan","fechaCreacion":"2026-03-21"},{"id":9,"nombre":"flora","apellido":"","tipoEstudiante":"matriculado","tipoDocumento":"CC","numeroDocumento":"41739396","categoria":"A2","sede":"","horas":0,"tipoPase":"moto","aproboExamenTeorico":false,"telefono":"3164837092","email":"flora.alvira57@gmail.com","direccion":"Carrera 69","fotoPerfil":null,"estado":"Activo","visible":true,"usuario":"flora.alvira57","fechaCreacion":"2026-03-21"},{"id":10,"nombre":"jose","apellido":"","tipoEstudiante":"matriculado","tipoDocumento":"CC","numeroDocumento":"1105780015","categoria":"A2","sede":"","horas":0,"tipoPase":"moto","aproboExamenTeorico":false,"telefo... [truncado 1309 chars]
2026-03-24 17:29:01 | HTTP REQUEST -> GET https://harorepositoty2-590358146556.europe-west1.run.app/api/profesores
2026-03-24 17:29:01 | Headers: {'Accept': 'application/json', 'Content-Type': 'application/json', 'Authorization': '***REDACTED***'}
2026-03-24 17:29:02 | HTTP RESPONSE <- 200 GET https://harorepositoty2-590358146556.europe-west1.run.app/api/profesores
2026-03-24 17:29:02 | Content-Type: application/json;charset=UTF-8
2026-03-24 17:29:02 | Body: [{"id":1,"cedula":"79845612","nombre":"Carlos","apellido":"Perez","correo":"carlos.perez@ceaharo.com","especialidad":"moto","categoria":"moto","telefono":"3119876543","email":"nicolasmachado19292@gmail.com","usuario":"carlos.perez","visible":true}]
2026-03-24 17:29:02 | HTTP REQUEST -> GET https://harorepositoty2-590358146556.europe-west1.run.app/api/vehiculos
2026-03-24 17:29:02 | Headers: {'Accept': 'application/json', 'Content-Type': 'application/json', 'Authorization': '***REDACTED***'}
2026-03-24 17:29:03 | HTTP RESPONSE <- 200 GET https://harorepositoty2-590358146556.europe-west1.run.app/api/vehiculos
2026-03-24 17:29:03 | Content-Type: application/json;charset=UTF-8
2026-03-24 17:29:03 | Body: [{"placa":"ABC123","marca":"Chevrolet","modelo":"Onix","anio":2024,"sede":null,"estado":"Activo","visible":true}]
2026-03-24 17:29:03 | HTTP REQUEST -> GET https://harorepositoty2-590358146556.europe-west1.run.app/api/clases-practicas
2026-03-24 17:29:03 | Headers: {'Accept': 'application/json', 'Content-Type': 'application/json', 'Authorization': '***REDACTED***'}
2026-03-24 17:29:03 | HTTP RESPONSE <- 200 GET https://harorepositoty2-590358146556.europe-west1.run.app/api/clases-practicas
2026-03-24 17:29:03 | Content-Type: application/json;charset=UTF-8
2026-03-24 17:29:03 | Body: [{"id":3,"id_estudiante":6,"id_profesor":1,"placa_vehiculo":"ABC123","fecha":"2026-03-24","horaInicio":"08:00","horaFin":"10:00","estado":"Programada","estadoClase":"Pendiente"},{"id":4,"id_estudiante":6,"id_profesor":1,"placa_vehiculo":"ABC123","fecha":"2026-03-23","horaInicio":"16:00","horaFin":"18:00","estado":"Programada","estadoClase":"Pendiente"},{"id":5,"id_estudiante":6,"id_profesor":1,"placa_vehiculo":"ABC123","fecha":"2026-03-24","horaInicio":"18:00","horaFin":"20:00","estado":"Programada","estadoClase":"Pendiente"},{"id":6,"id_estudiante":6,"id_profesor":1,"placa_vehiculo":"ABC123","fecha":"2026-03-27","horaInicio":"06:00","horaFin":"08:00","estado":"Programada","estadoClase":"Pendiente"},{"id":7,"id_estudiante":7,"id_profesor":1,"placa_vehiculo":"ABC123","fecha":"2026-03-24","horaInicio":"06:00","horaFin":"08:00","estado":"Programada","estadoClase":"Pendiente"}]
2026-03-24 17:29:15 | HTTP REQUEST -> GET https://harorepositoty2-590358146556.europe-west1.run.app/api/estudiantes
2026-03-24 17:29:15 | Headers: {'Accept': 'application/json', 'Content-Type': 'application/json', 'Authorization': '***REDACTED***'}
2026-03-24 17:29:16 | HTTP RESPONSE <- 200 GET https://harorepositoty2-590358146556.europe-west1.run.app/api/estudiantes
2026-03-24 17:29:16 | Content-Type: application/json;charset=UTF-8
2026-03-24 17:29:16 | Body: [{"id":6,"nombre":"J","apellido":"Vargas","tipoEstudiante":"matriculado","tipoDocumento":"CC","numeroDocumento":"123456789","categoria":"A2","sede":"","horas":0,"tipoPase":"moto","aproboExamenTeorico":false,"telefono":"317318326","email":"pinherdani@gmail.com","direccion":"Carrera 69","fotoPerfil":null,"estado":"Activo","visible":true,"usuario":"pinherdani","fechaCreacion":"2026-03-21"},{"id":7,"nombre":"Jose","apellido":"alcaraz Dominguez","tipoEstudiante":"matriculado","tipoDocumento":"CC","numeroDocumento":"910191294","categoria":"A2","sede":"","horas":0,"tipoPase":"moto","aproboExamenTeorico":false,"telefono":"3122444567","email":"nicolasmachado422@gmail.com","direccion":"Carrera 69d #3-80","fotoPerfil":null,"estado":"Activo","visible":true,"usuario":"nicolasmachado422","fechaCreacion":"2026-03-21"},{"id":8,"nombre":"joan","apellido":"","tipoEstudiante":"matriculado","tipoDocumento":"CC","numeroDocumento":"1022328813","categoria":"A2","sede":"","horas":0,"tipoPase":"moto","aproboExamenTeorico":false,"telefono":"3103176326","email":"joan@gmail.com","direccion":"carrera 69#2","fotoPerfil":null,"estado":"Activo","visible":true,"usuario":"joan","fechaCreacion":"2026-03-21"},{"id":9,"nombre":"flora","apellido":"","tipoEstudiante":"matriculado","tipoDocumento":"CC","numeroDocumento":"41739396","categoria":"A2","sede":"","horas":0,"tipoPase":"moto","aproboExamenTeorico":false,"telefono":"3164837092","email":"flora.alvira57@gmail.com","direccion":"Carrera 69","fotoPerfil":null,"estado":"Activo","visible":true,"usuario":"flora.alvira57","fechaCreacion":"2026-03-21"},{"id":10,"nombre":"jose","apellido":"","tipoEstudiante":"matriculado","tipoDocumento":"CC","numeroDocumento":"1105780015","categoria":"A2","sede":"","horas":0,"tipoPase":"moto","aproboExamenTeorico":false,"telefo... [truncado 1309 chars]
2026-03-24 17:32:06 | HTTP REQUEST -> GET https://harorepositoty2-590358146556.europe-west1.run.app/api/estudiantes
2026-03-24 17:32:06 | Headers: {'Accept': 'application/json', 'Content-Type': 'application/json', 'Authorization': '***REDACTED***'}
2026-03-24 17:32:06 | HTTP REQUEST -> GET https://harorepositoty2-590358146556.europe-west1.run.app/api/profesores
2026-03-24 17:32:06 | Headers: {'Accept': 'application/json', 'Content-Type': 'application/json', 'Authorization': '***REDACTED***'}
2026-03-24 17:32:07 | HTTP RESPONSE <- 200 GET https://harorepositoty2-590358146556.europe-west1.run.app/api/profesores
2026-03-24 17:32:07 | Content-Type: application/json;charset=UTF-8
2026-03-24 17:32:07 | Body: [{"id":1,"cedula":"79845612","nombre":"Carlos","apellido":"Perez","correo":"carlos.perez@ceaharo.com","especialidad":"moto","categoria":"moto","telefono":"3119876543","email":"nicolasmachado19292@gmail.com","usuario":"carlos.perez","visible":true}]
2026-03-24 17:32:07 | HTTP REQUEST -> GET https://harorepositoty2-590358146556.europe-west1.run.app/api/vehiculos
2026-03-24 17:32:07 | Headers: {'Accept': 'application/json', 'Content-Type': 'application/json', 'Authorization': '***REDACTED***'}
2026-03-24 17:32:07 | HTTP RESPONSE <- 200 GET https://harorepositoty2-590358146556.europe-west1.run.app/api/estudiantes
2026-03-24 17:32:07 | Content-Type: application/json;charset=UTF-8
2026-03-24 17:32:07 | Body: [{"id":6,"nombre":"J","apellido":"Vargas","tipoEstudiante":"matriculado","tipoDocumento":"CC","numeroDocumento":"123456789","categoria":"A2","sede":"","horas":0,"tipoPase":"moto","aproboExamenTeorico":false,"telefono":"317318326","email":"pinherdani@gmail.com","direccion":"Carrera 69","fotoPerfil":null,"estado":"Activo","visible":true,"usuario":"pinherdani","fechaCreacion":"2026-03-21"},{"id":7,"nombre":"Jose","apellido":"alcaraz Dominguez","tipoEstudiante":"matriculado","tipoDocumento":"CC","numeroDocumento":"910191294","categoria":"A2","sede":"","horas":0,"tipoPase":"moto","aproboExamenTeorico":false,"telefono":"3122444567","email":"nicolasmachado422@gmail.com","direccion":"Carrera 69d #3-80","fotoPerfil":null,"estado":"Activo","visible":true,"usuario":"nicolasmachado422","fechaCreacion":"2026-03-21"},{"id":8,"nombre":"joan","apellido":"","tipoEstudiante":"matriculado","tipoDocumento":"CC","numeroDocumento":"1022328813","categoria":"A2","sede":"","horas":0,"tipoPase":"moto","aproboExamenTeorico":false,"telefono":"3103176326","email":"joan@gmail.com","direccion":"carrera 69#2","fotoPerfil":null,"estado":"Activo","visible":true,"usuario":"joan","fechaCreacion":"2026-03-21"},{"id":9,"nombre":"flora","apellido":"","tipoEstudiante":"matriculado","tipoDocumento":"CC","numeroDocumento":"41739396","categoria":"A2","sede":"","horas":0,"tipoPase":"moto","aproboExamenTeorico":false,"telefono":"3164837092","email":"flora.alvira57@gmail.com","direccion":"Carrera 69","fotoPerfil":null,"estado":"Activo","visible":true,"usuario":"flora.alvira57","fechaCreacion":"2026-03-21"},{"id":10,"nombre":"jose","apellido":"","tipoEstudiante":"matriculado","tipoDocumento":"CC","numeroDocumento":"1105780015","categoria":"A2","sede":"","horas":0,"tipoPase":"moto","aproboExamenTeorico":false,"telefo... [truncado 1309 chars]
2026-03-24 17:32:08 | HTTP RESPONSE <- 200 GET https://harorepositoty2-590358146556.europe-west1.run.app/api/vehiculos
2026-03-24 17:32:08 | Content-Type: application/json;charset=UTF-8
2026-03-24 17:32:08 | Body: [{"placa":"ABC123","marca":"Chevrolet","modelo":"Onix","anio":2024,"sede":null,"estado":"Activo","visible":true}]
2026-03-24 17:32:08 | HTTP REQUEST -> GET https://harorepositoty2-590358146556.europe-west1.run.app/api/clases-practicas
2026-03-24 17:32:08 | Headers: {'Accept': 'application/json', 'Content-Type': 'application/json', 'Authorization': '***REDACTED***'}
2026-03-24 17:32:08 | HTTP RESPONSE <- 200 GET https://harorepositoty2-590358146556.europe-west1.run.app/api/clases-practicas
2026-03-24 17:32:08 | Content-Type: application/json;charset=UTF-8
2026-03-24 17:32:08 | Body: [{"id":3,"id_estudiante":6,"id_profesor":1,"placa_vehiculo":"ABC123","fecha":"2026-03-24","horaInicio":"08:00","horaFin":"10:00","estado":"Programada","estadoClase":"Pendiente"},{"id":4,"id_estudiante":6,"id_profesor":1,"placa_vehiculo":"ABC123","fecha":"2026-03-23","horaInicio":"16:00","horaFin":"18:00","estado":"Programada","estadoClase":"Pendiente"},{"id":5,"id_estudiante":6,"id_profesor":1,"placa_vehiculo":"ABC123","fecha":"2026-03-24","horaInicio":"18:00","horaFin":"20:00","estado":"Programada","estadoClase":"Pendiente"},{"id":6,"id_estudiante":6,"id_profesor":1,"placa_vehiculo":"ABC123","fecha":"2026-03-27","horaInicio":"06:00","horaFin":"08:00","estado":"Programada","estadoClase":"Pendiente"},{"id":7,"id_estudiante":7,"id_profesor":1,"placa_vehiculo":"ABC123","fecha":"2026-03-24","horaInicio":"06:00","horaFin":"08:00","estado":"Programada","estadoClase":"Pendiente"}]
2026-03-24 17:32:08 | HTTP REQUEST -> GET https://harorepositoty2-590358146556.europe-west1.run.app/api/estados-cuenta
2026-03-24 17:32:08 | Headers: {'Accept': 'application/json', 'Content-Type': 'application/json', 'Authorization': '***REDACTED***'}
2026-03-24 17:32:09 | HTTP RESPONSE <- 200 GET https://harorepositoty2-590358146556.europe-west1.run.app/api/estados-cuenta
2026-03-24 17:32:09 | Content-Type: application/json;charset=UTF-8
2026-03-24 17:32:09 | Body: [{"id":1,"idEstudiante":1,"montoTotal":920.00,"montoPagado":920.00,"multas":0.00,"estado":"Pagado"},{"id":2,"idEstudiante":4,"montoTotal":5000.00,"montoPagado":5000.00,"multas":0.00,"estado":"Pagado"},{"id":3,"idEstudiante":5,"montoTotal":5000.00,"montoPagado":5000.00,"multas":0.00,"estado":"Pagado"},{"id":4,"idEstudiante":6,"montoTotal":5000.00,"montoPagado":5000.00,"multas":0.00,"estado":"Pagado"},{"id":5,"idEstudiante":7,"montoTotal":5000.00,"montoPagado":5000.00,"multas":0.00,"estado":"Pagado"},{"id":6,"idEstudiante":8,"montoTotal":5000.00,"montoPagado":5000.00,"multas":0.00,"estado":"Pagado"},{"id":7,"idEstudiante":9,"montoTotal":5000.00,"montoPagado":5000.00,"multas":0.00,"estado":"Pagado"},{"id":8,"idEstudiante":10,"montoTotal":5000.00,"montoPagado":5000.00,"multas":0.00,"estado":"Pagado"},{"id":9,"idEstudiante":11,"montoTotal":5000.00,"montoPagado":5000.00,"multas":0.00,"estado":"Pagado"},{"id":10,"idEstudiante":12,"montoTotal":5000.00,"montoPagado":5000.00,"multas":0.00,"estado":"Pagado"},{"id":11,"idEstudiante":13,"montoTotal":5000.00,"montoPagado":5000.00,"multas":0.00,"estado":"Pagado"}]
2026-03-24 17:32:27 | HTTP REQUEST -> GET https://harorepositoty2-590358146556.europe-west1.run.app/api/profesores
2026-03-24 17:32:27 | Headers: {'Accept': 'application/json', 'Content-Type': 'application/json', 'Authorization': '***REDACTED***'}
2026-03-24 17:32:28 | HTTP RESPONSE <- 200 GET https://harorepositoty2-590358146556.europe-west1.run.app/api/profesores
2026-03-24 17:32:28 | Content-Type: application/json;charset=UTF-8
2026-03-24 17:32:28 | Body: [{"id":1,"cedula":"79845612","nombre":"Carlos","apellido":"Perez","correo":"carlos.perez@ceaharo.com","especialidad":"moto","categoria":"moto","telefono":"3119876543","email":"nicolasmachado19292@gmail.com","usuario":"carlos.perez","visible":true}]
2026-03-24 17:32:32 | HTTP REQUEST -> GET https://harorepositoty2-590358146556.europe-west1.run.app/api/vehiculos
2026-03-24 17:32:32 | Headers: {'Accept': 'application/json', 'Content-Type': 'application/json', 'Authorization': '***REDACTED***'}
2026-03-24 17:32:33 | HTTP RESPONSE <- 200 GET https://harorepositoty2-590358146556.europe-west1.run.app/api/vehiculos
2026-03-24 17:32:33 | Content-Type: application/json;charset=UTF-8
2026-03-24 17:32:33 | Body: [{"placa":"ABC123","marca":"Chevrolet","modelo":"Onix","anio":2024,"sede":null,"estado":"Activo","visible":true}]
2026-03-24 17:34:42 | HTTP REQUEST -> GET https://harorepositoty2-590358146556.europe-west1.run.app/api/estudiantes
2026-03-24 17:34:42 | Headers: {'Accept': 'application/json', 'Content-Type': 'application/json', 'Authorization': '***REDACTED***'}
2026-03-24 17:34:42 | HTTP REQUEST -> GET https://harorepositoty2-590358146556.europe-west1.run.app/api/profesores
2026-03-24 17:34:42 | Headers: {'Accept': 'application/json', 'Content-Type': 'application/json', 'Authorization': '***REDACTED***'}
2026-03-24 17:34:43 | HTTP RESPONSE <- 200 GET https://harorepositoty2-590358146556.europe-west1.run.app/api/estudiantes
2026-03-24 17:34:43 | Content-Type: application/json;charset=UTF-8
2026-03-24 17:34:43 | Body: [{"id":6,"nombre":"J","apellido":"Vargas","tipoEstudiante":"matriculado","tipoDocumento":"CC","numeroDocumento":"123456789","categoria":"A2","sede":"","horas":0,"tipoPase":"moto","aproboExamenTeorico":false,"telefono":"317318326","email":"pinherdani@gmail.com","direccion":"Carrera 69","fotoPerfil":null,"estado":"Activo","visible":true,"usuario":"pinherdani","fechaCreacion":"2026-03-21"},{"id":7,"nombre":"Jose","apellido":"alcaraz Dominguez","tipoEstudiante":"matriculado","tipoDocumento":"CC","numeroDocumento":"910191294","categoria":"A2","sede":"","horas":0,"tipoPase":"moto","aproboExamenTeorico":false,"telefono":"3122444567","email":"nicolasmachado422@gmail.com","direccion":"Carrera 69d #3-80","fotoPerfil":null,"estado":"Activo","visible":true,"usuario":"nicolasmachado422","fechaCreacion":"2026-03-21"},{"id":8,"nombre":"joan","apellido":"","tipoEstudiante":"matriculado","tipoDocumento":"CC","numeroDocumento":"1022328813","categoria":"A2","sede":"","horas":0,"tipoPase":"moto","aproboExamenTeorico":false,"telefono":"3103176326","email":"joan@gmail.com","direccion":"carrera 69#2","fotoPerfil":null,"estado":"Activo","visible":true,"usuario":"joan","fechaCreacion":"2026-03-21"},{"id":9,"nombre":"flora","apellido":"","tipoEstudiante":"matriculado","tipoDocumento":"CC","numeroDocumento":"41739396","categoria":"A2","sede":"","horas":0,"tipoPase":"moto","aproboExamenTeorico":false,"telefono":"3164837092","email":"flora.alvira57@gmail.com","direccion":"Carrera 69","fotoPerfil":null,"estado":"Activo","visible":true,"usuario":"flora.alvira57","fechaCreacion":"2026-03-21"},{"id":10,"nombre":"jose","apellido":"","tipoEstudiante":"matriculado","tipoDocumento":"CC","numeroDocumento":"1105780015","categoria":"A2","sede":"","horas":0,"tipoPase":"moto","aproboExamenTeorico":false,"telefo... [truncado 1309 chars]
2026-03-24 17:34:43 | HTTP RESPONSE <- 200 GET https://harorepositoty2-590358146556.europe-west1.run.app/api/profesores
2026-03-24 17:34:43 | Content-Type: application/json;charset=UTF-8
2026-03-24 17:34:43 | Body: [{"id":1,"cedula":"79845612","nombre":"Carlos","apellido":"Perez","correo":"carlos.perez@ceaharo.com","especialidad":"moto","categoria":"moto","telefono":"3119876543","email":"nicolasmachado19292@gmail.com","usuario":"carlos.perez","visible":true}]
2026-03-24 17:34:43 | HTTP REQUEST -> GET https://harorepositoty2-590358146556.europe-west1.run.app/api/vehiculos
2026-03-24 17:34:43 | Headers: {'Accept': 'application/json', 'Content-Type': 'application/json', 'Authorization': '***REDACTED***'}
2026-03-24 17:34:44 | HTTP RESPONSE <- 200 GET https://harorepositoty2-590358146556.europe-west1.run.app/api/vehiculos
2026-03-24 17:34:44 | Content-Type: application/json;charset=UTF-8
2026-03-24 17:34:44 | Body: [{"placa":"ABC123","marca":"Chevrolet","modelo":"Onix","anio":2024,"sede":null,"estado":"Activo","visible":true}]
2026-03-24 17:34:44 | HTTP REQUEST -> GET https://harorepositoty2-590358146556.europe-west1.run.app/api/clases-practicas
2026-03-24 17:34:44 | Headers: {'Accept': 'application/json', 'Content-Type': 'application/json', 'Authorization': '***REDACTED***'}
2026-03-24 17:34:45 | HTTP RESPONSE <- 200 GET https://harorepositoty2-590358146556.europe-west1.run.app/api/clases-practicas
2026-03-24 17:34:45 | Content-Type: application/json;charset=UTF-8
2026-03-24 17:34:45 | Body: [{"id":3,"id_estudiante":6,"id_profesor":1,"placa_vehiculo":"ABC123","fecha":"2026-03-24","horaInicio":"08:00","horaFin":"10:00","estado":"Programada","estadoClase":"Pendiente"},{"id":4,"id_estudiante":6,"id_profesor":1,"placa_vehiculo":"ABC123","fecha":"2026-03-23","horaInicio":"16:00","horaFin":"18:00","estado":"Programada","estadoClase":"Pendiente"},{"id":5,"id_estudiante":6,"id_profesor":1,"placa_vehiculo":"ABC123","fecha":"2026-03-24","horaInicio":"18:00","horaFin":"20:00","estado":"Programada","estadoClase":"Pendiente"},{"id":6,"id_estudiante":6,"id_profesor":1,"placa_vehiculo":"ABC123","fecha":"2026-03-27","horaInicio":"06:00","horaFin":"08:00","estado":"Programada","estadoClase":"Pendiente"},{"id":7,"id_estudiante":7,"id_profesor":1,"placa_vehiculo":"ABC123","fecha":"2026-03-24","horaInicio":"06:00","horaFin":"08:00","estado":"Programada","estadoClase":"Pendiente"}]
2026-03-24 17:34:45 | HTTP REQUEST -> GET https://harorepositoty2-590358146556.europe-west1.run.app/api/estados-cuenta
2026-03-24 17:34:45 | Headers: {'Accept': 'application/json', 'Content-Type': 'application/json', 'Authorization': '***REDACTED***'}
2026-03-24 17:34:46 | HTTP REQUEST -> GET https://harorepositoty2-590358146556.europe-west1.run.app/api/administradores
2026-03-24 17:34:46 | Headers: {'Accept': 'application/json', 'Content-Type': 'application/json', 'Authorization': '***REDACTED***'}
2026-03-24 17:34:46 | HTTP RESPONSE <- 200 GET https://harorepositoty2-590358146556.europe-west1.run.app/api/estados-cuenta
2026-03-24 17:34:46 | Content-Type: application/json;charset=UTF-8
2026-03-24 17:34:46 | Body: [{"id":1,"idEstudiante":1,"montoTotal":920.00,"montoPagado":920.00,"multas":0.00,"estado":"Pagado"},{"id":2,"idEstudiante":4,"montoTotal":5000.00,"montoPagado":5000.00,"multas":0.00,"estado":"Pagado"},{"id":3,"idEstudiante":5,"montoTotal":5000.00,"montoPagado":5000.00,"multas":0.00,"estado":"Pagado"},{"id":4,"idEstudiante":6,"montoTotal":5000.00,"montoPagado":5000.00,"multas":0.00,"estado":"Pagado"},{"id":5,"idEstudiante":7,"montoTotal":5000.00,"montoPagado":5000.00,"multas":0.00,"estado":"Pagado"},{"id":6,"idEstudiante":8,"montoTotal":5000.00,"montoPagado":5000.00,"multas":0.00,"estado":"Pagado"},{"id":7,"idEstudiante":9,"montoTotal":5000.00,"montoPagado":5000.00,"multas":0.00,"estado":"Pagado"},{"id":8,"idEstudiante":10,"montoTotal":5000.00,"montoPagado":5000.00,"multas":0.00,"estado":"Pagado"},{"id":9,"idEstudiante":11,"montoTotal":5000.00,"montoPagado":5000.00,"multas":0.00,"estado":"Pagado"},{"id":10,"idEstudiante":12,"montoTotal":5000.00,"montoPagado":5000.00,"multas":0.00,"estado":"Pagado"},{"id":11,"idEstudiante":13,"montoTotal":5000.00,"montoPagado":5000.00,"multas":0.00,"estado":"Pagado"}]
2026-03-24 17:34:47 | HTTP RESPONSE <- 200 GET https://harorepositoty2-590358146556.europe-west1.run.app/api/administradores
2026-03-24 17:34:47 | Content-Type: application/json;charset=UTF-8
2026-03-24 17:34:47 | Body: [{"id":1,"correo":"daniela@gmail.com","cedula":"1122334455","usuario":"Daniela","nombre":"Daniela","activo":true,"creadoEn":"2026-03-08T15:52:05.967682Z","actualizadoEn":"2026-03-08T15:52:05.967687Z"},{"id":2,"correo":"haroacademiadecol@gmail.com","cedula":null,"usuario":"superadmin","nombre":"Super Admin","activo":true,"creadoEn":"2026-03-24T22:28:56.921965Z","actualizadoEn":"2026-03-24T22:28:56.921968Z"}]
2026-03-24 17:35:00 | HTTP REQUEST -> GET https://harorepositoty2-590358146556.europe-west1.run.app/api/profesores
2026-03-24 17:35:00 | Headers: {'Accept': 'application/json', 'Content-Type': 'application/json', 'Authorization': '***REDACTED***'}
2026-03-24 17:35:01 | HTTP REQUEST -> GET https://harorepositoty2-590358146556.europe-west1.run.app/api/vehiculos
2026-03-24 17:35:01 | Headers: {'Accept': 'application/json', 'Content-Type': 'application/json', 'Authorization': '***REDACTED***'}
2026-03-24 17:35:01 | HTTP RESPONSE <- 200 GET https://harorepositoty2-590358146556.europe-west1.run.app/api/profesores
2026-03-24 17:35:01 | Content-Type: application/json;charset=UTF-8
2026-03-24 17:35:01 | Body: [{"id":1,"cedula":"79845612","nombre":"Carlos","apellido":"Perez","correo":"carlos.perez@ceaharo.com","especialidad":"moto","categoria":"moto","telefono":"3119876543","email":"nicolasmachado19292@gmail.com","usuario":"carlos.perez","visible":true}]
2026-03-24 17:35:02 | HTTP RESPONSE <- 200 GET https://harorepositoty2-590358146556.europe-west1.run.app/api/vehiculos
2026-03-24 17:35:02 | Content-Type: application/json;charset=UTF-8
2026-03-24 17:35:02 | Body: [{"placa":"ABC123","marca":"Chevrolet","modelo":"Onix","anio":2024,"sede":null,"estado":"Activo","visible":true}]
2026-03-24 17:35:04 | HTTP REQUEST -> GET https://harorepositoty2-590358146556.europe-west1.run.app/api/estudiantes
2026-03-24 17:35:04 | Headers: {'Accept': 'application/json', 'Content-Type': 'application/json', 'Authorization': '***REDACTED***'}
2026-03-24 17:35:05 | HTTP RESPONSE <- 200 GET https://harorepositoty2-590358146556.europe-west1.run.app/api/estudiantes
2026-03-24 17:35:05 | Content-Type: application/json;charset=UTF-8
2026-03-24 17:35:05 | Body: [{"id":6,"nombre":"J","apellido":"Vargas","tipoEstudiante":"matriculado","tipoDocumento":"CC","numeroDocumento":"123456789","categoria":"A2","sede":"","horas":0,"tipoPase":"moto","aproboExamenTeorico":false,"telefono":"317318326","email":"pinherdani@gmail.com","direccion":"Carrera 69","fotoPerfil":null,"estado":"Activo","visible":true,"usuario":"pinherdani","fechaCreacion":"2026-03-21"},{"id":7,"nombre":"Jose","apellido":"alcaraz Dominguez","tipoEstudiante":"matriculado","tipoDocumento":"CC","numeroDocumento":"910191294","categoria":"A2","sede":"","horas":0,"tipoPase":"moto","aproboExamenTeorico":false,"telefono":"3122444567","email":"nicolasmachado422@gmail.com","direccion":"Carrera 69d #3-80","fotoPerfil":null,"estado":"Activo","visible":true,"usuario":"nicolasmachado422","fechaCreacion":"2026-03-21"},{"id":8,"nombre":"joan","apellido":"","tipoEstudiante":"matriculado","tipoDocumento":"CC","numeroDocumento":"1022328813","categoria":"A2","sede":"","horas":0,"tipoPase":"moto","aproboExamenTeorico":false,"telefono":"3103176326","email":"joan@gmail.com","direccion":"carrera 69#2","fotoPerfil":null,"estado":"Activo","visible":true,"usuario":"joan","fechaCreacion":"2026-03-21"},{"id":9,"nombre":"flora","apellido":"","tipoEstudiante":"matriculado","tipoDocumento":"CC","numeroDocumento":"41739396","categoria":"A2","sede":"","horas":0,"tipoPase":"moto","aproboExamenTeorico":false,"telefono":"3164837092","email":"flora.alvira57@gmail.com","direccion":"Carrera 69","fotoPerfil":null,"estado":"Activo","visible":true,"usuario":"flora.alvira57","fechaCreacion":"2026-03-21"},{"id":10,"nombre":"jose","apellido":"","tipoEstudiante":"matriculado","tipoDocumento":"CC","numeroDocumento":"1105780015","categoria":"A2","sede":"","horas":0,"tipoPase":"moto","aproboExamenTeorico":false,"telefo... [truncado 1309 chars]
2026-03-24 17:35:05 | HTTP REQUEST -> GET https://harorepositoty2-590358146556.europe-west1.run.app/api/profesores
2026-03-24 17:35:05 | Headers: {'Accept': 'application/json', 'Content-Type': 'application/json', 'Authorization': '***REDACTED***'}
2026-03-24 17:35:06 | HTTP RESPONSE <- 200 GET https://harorepositoty2-590358146556.europe-west1.run.app/api/profesores
2026-03-24 17:35:06 | Content-Type: application/json;charset=UTF-8
2026-03-24 17:35:06 | Body: [{"id":1,"cedula":"79845612","nombre":"Carlos","apellido":"Perez","correo":"carlos.perez@ceaharo.com","especialidad":"moto","categoria":"moto","telefono":"3119876543","email":"nicolasmachado19292@gmail.com","usuario":"carlos.perez","visible":true}]
2026-03-24 17:35:06 | HTTP REQUEST -> GET https://harorepositoty2-590358146556.europe-west1.run.app/api/vehiculos
2026-03-24 17:35:06 | Headers: {'Accept': 'application/json', 'Content-Type': 'application/json', 'Authorization': '***REDACTED***'}
2026-03-24 17:35:07 | HTTP RESPONSE <- 200 GET https://harorepositoty2-590358146556.europe-west1.run.app/api/vehiculos
2026-03-24 17:35:07 | Content-Type: application/json;charset=UTF-8
2026-03-24 17:35:07 | Body: [{"placa":"ABC123","marca":"Chevrolet","modelo":"Onix","anio":2024,"sede":null,"estado":"Activo","visible":true}]
2026-03-24 17:35:07 | HTTP REQUEST -> GET https://harorepositoty2-590358146556.europe-west1.run.app/api/clases-practicas
2026-03-24 17:35:07 | Headers: {'Accept': 'application/json', 'Content-Type': 'application/json', 'Authorization': '***REDACTED***'}
2026-03-24 17:35:07 | HTTP RESPONSE <- 200 GET https://harorepositoty2-590358146556.europe-west1.run.app/api/clases-practicas
2026-03-24 17:35:07 | Content-Type: application/json;charset=UTF-8
2026-03-24 17:35:07 | Body: [{"id":3,"id_estudiante":6,"id_profesor":1,"placa_vehiculo":"ABC123","fecha":"2026-03-24","horaInicio":"08:00","horaFin":"10:00","estado":"Programada","estadoClase":"Pendiente"},{"id":4,"id_estudiante":6,"id_profesor":1,"placa_vehiculo":"ABC123","fecha":"2026-03-23","horaInicio":"16:00","horaFin":"18:00","estado":"Programada","estadoClase":"Pendiente"},{"id":5,"id_estudiante":6,"id_profesor":1,"placa_vehiculo":"ABC123","fecha":"2026-03-24","horaInicio":"18:00","horaFin":"20:00","estado":"Programada","estadoClase":"Pendiente"},{"id":6,"id_estudiante":6,"id_profesor":1,"placa_vehiculo":"ABC123","fecha":"2026-03-27","horaInicio":"06:00","horaFin":"08:00","estado":"Programada","estadoClase":"Pendiente"},{"id":7,"id_estudiante":7,"id_profesor":1,"placa_vehiculo":"ABC123","fecha":"2026-03-24","horaInicio":"06:00","horaFin":"08:00","estado":"Programada","estadoClase":"Pendiente"}]
2026-03-24 17:35:15 | HTTP REQUEST -> GET https://harorepositoty2-590358146556.europe-west1.run.app/api/estudiantes
2026-03-24 17:35:15 | Headers: {'Accept': 'application/json', 'Content-Type': 'application/json', 'Authorization': '***REDACTED***'}
2026-03-24 17:35:16 | HTTP RESPONSE <- 200 GET https://harorepositoty2-590358146556.europe-west1.run.app/api/estudiantes
2026-03-24 17:35:16 | Content-Type: application/json;charset=UTF-8
2026-03-24 17:35:16 | Body: [{"id":6,"nombre":"J","apellido":"Vargas","tipoEstudiante":"matriculado","tipoDocumento":"CC","numeroDocumento":"123456789","categoria":"A2","sede":"","horas":0,"tipoPase":"moto","aproboExamenTeorico":false,"telefono":"317318326","email":"pinherdani@gmail.com","direccion":"Carrera 69","fotoPerfil":null,"estado":"Activo","visible":true,"usuario":"pinherdani","fechaCreacion":"2026-03-21"},{"id":7,"nombre":"Jose","apellido":"alcaraz Dominguez","tipoEstudiante":"matriculado","tipoDocumento":"CC","numeroDocumento":"910191294","categoria":"A2","sede":"","horas":0,"tipoPase":"moto","aproboExamenTeorico":false,"telefono":"3122444567","email":"nicolasmachado422@gmail.com","direccion":"Carrera 69d #3-80","fotoPerfil":null,"estado":"Activo","visible":true,"usuario":"nicolasmachado422","fechaCreacion":"2026-03-21"},{"id":8,"nombre":"joan","apellido":"","tipoEstudiante":"matriculado","tipoDocumento":"CC","numeroDocumento":"1022328813","categoria":"A2","sede":"","horas":0,"tipoPase":"moto","aproboExamenTeorico":false,"telefono":"3103176326","email":"joan@gmail.com","direccion":"carrera 69#2","fotoPerfil":null,"estado":"Activo","visible":true,"usuario":"joan","fechaCreacion":"2026-03-21"},{"id":9,"nombre":"flora","apellido":"","tipoEstudiante":"matriculado","tipoDocumento":"CC","numeroDocumento":"41739396","categoria":"A2","sede":"","horas":0,"tipoPase":"moto","aproboExamenTeorico":false,"telefono":"3164837092","email":"flora.alvira57@gmail.com","direccion":"Carrera 69","fotoPerfil":null,"estado":"Activo","visible":true,"usuario":"flora.alvira57","fechaCreacion":"2026-03-21"},{"id":10,"nombre":"jose","apellido":"","tipoEstudiante":"matriculado","tipoDocumento":"CC","numeroDocumento":"1105780015","categoria":"A2","sede":"","horas":0,"tipoPase":"moto","aproboExamenTeorico":false,"telefo... [truncado 1309 chars]
